日付S,場 R,馬番,馬名S,馬ID,性別,斤量,騎手,調教師,馬体重,馬体重増減,芝ダ,距離,クラス
2026.6.28,福1,1,フレイムジョーカー,,牡,60.0,中村,美浦岩戸,,,障,2750,３歳以上障害未勝利
2026.6.28,福1,2,アウスヴァール,,セ,60.0,森一,栗東昆,,,障,2750,３歳以上障害未勝利
2026.6.28,福1,3,シュハリ,,牡,60.0,江田勇亮,美浦粕谷,,,障,2750,３歳以上障害未勝利
2026.6.28,福1,4,ポワンキュルミナン,,牡,60.0,小牧加,栗東岡田,,,障,2750,３歳以上障害未勝利
2026.6.28,福1,5,ブランフォルテ,,牡,57.0,▲水沼,美浦辻,,,障,2750,３歳以上障害未勝利
2026.6.28,福1,6,グロッシェン,,牡,60.0,難波,美浦手塚徳,,,障,2750,３歳以上障害未勝利
2026.6.28,福1,7,ラパンラピッド,,セ,57.0,▲坂口,美浦武井,,,障,2750,３歳以上障害未勝利
2026.6.28,福1,8,ヴォンヌヴォー,,牝,58.0,黒岩,美浦天間,,,障,2750,３歳以上障害未勝利
2026.6.28,福1,9,トーアマリシテン,,セ,60.0,五十嵐,美浦小島,,,障,2750,３歳以上障害未勝利
2026.6.28,福1,10,ブライトライツ,,セ,60.0,草野,美浦秋本,,,障,2750,３歳以上障害未勝利
2026.6.28,福1,11,モズクルードラゴン,,牡,57.0,▲小林凌,美浦天間,,,障,2750,３歳以上障害未勝利
2026.6.28,福1,12,ニシノインヴィクタ,,牡,60.0,伴,美浦本間,,,障,2750,３歳以上障害未勝利
2026.6.28,福1,13,ロワゾブルー,,牝,57.0,▲土田,美浦小島,,,障,2750,３歳以上障害未勝利
2026.6.28,福1,14,サマーアゲイン,,牡,60.0,高田,栗東渡辺,,,障,2750,３歳以上障害未勝利
2026.6.28,福2,1,ゴールドフリーダム,,セ,57.0,菊沢,美浦青木,,,ダ,1700,３歳未勝利
2026.6.28,福2,2,カラクリスピリッツ,,牝,55.0,小林脩,美浦斎藤誠,,,ダ,1700,３歳未勝利
2026.6.28,福2,3,カミノテイオー,,牡,57.0,木幡巧,美浦奥平,,,ダ,1700,３歳未勝利
2026.6.28,福2,4,オセアフェアモント,,牡,57.0,野中,美浦菊川,,,ダ,1700,３歳未勝利
2026.6.28,福2,5,イトシサ,,牡,57.0,三浦,美浦田中博,,,ダ,1700,３歳未勝利
2026.6.28,福2,6,プロミスライン,,牝,52.0,▲石神道,美浦森一,,,ダ,1700,３歳未勝利
2026.6.28,福2,7,チェイサー,,牡,54.0,▲佐藤,美浦相沢,,,ダ,1700,３歳未勝利
2026.6.28,福2,8,サイモングリーマン,,牡,57.0,木幡育,美浦的場,,,ダ,1700,３歳未勝利
2026.6.28,福2,9,ロジキセキ,,牡,57.0,田口,美浦新開,,,ダ,1700,３歳未勝利
2026.6.28,福2,10,アシタバスピリッツ,,牝,52.0,▲水沼,美浦西田,,,ダ,1700,３歳未勝利
2026.6.28,福2,11,ゴーントゥファー,,セ,57.0,荻野極,美浦小島,,,ダ,1700,３歳未勝利
2026.6.28,福2,12,ウインビギニング,,牡,57.0,松山,美浦上原博,,,ダ,1700,３歳未勝利
2026.6.28,福2,13,カシマライフウ,,牡,57.0,松岡,美浦伊藤伸,,,ダ,1700,３歳未勝利
2026.6.28,福2,14,ロココ,,牝,52.0,▲上里,美浦加藤和,,,ダ,1700,３歳未勝利
2026.6.28,福2,15,テンカラットレター,,牡,57.0,木幡初,美浦本間,,,ダ,1700,３歳未勝利
2026.6.28,福3,1,ドルチェテソーロ,,牝,55.0,木幡巧,美浦牧,,,芝,1200,２歳未勝利
2026.6.28,福3,2,アイファーラピッド,,牝,55.0,団野,栗東森秀,,,芝,1200,２歳未勝利
2026.6.28,福3,3,ベアアミーチ,,牝,52.0,▲上里,美浦杉浦,,,芝,1200,２歳未勝利
2026.6.28,福3,4,ユイノヘラクレス,,牡,55.0,木幡初,美浦深山,,,芝,1200,２歳未勝利
2026.6.28,福3,5,オオセイケイ,,牝,55.0,横山武,美浦竹内,,,芝,1200,２歳未勝利
2026.6.28,福4,1,マーズワース,,牝,52.0,▲佐藤,美浦小手川,,,芝,1200,２歳新馬
2026.6.28,福4,2,ティアラスピリット,,牝,55.0,菊沢,美浦上原博,,,芝,1200,２歳新馬
2026.6.28,福4,3,ノヴェルアレイア,,牝,55.0,石橋脩,美浦矢野,,,芝,1200,２歳新馬
2026.6.28,福4,4,ドナビッグベン,,牝,55.0,荻野極,美浦秋本,,,芝,1200,２歳新馬
2026.6.28,福4,5,ピリナカピリナ,,牝,55.0,武藤,美浦水野,,,芝,1200,２歳新馬
2026.6.28,福4,6,プリンセスロッティ,,牝,55.0,戸崎圭,美浦伊藤圭,,,芝,1200,２歳新馬
2026.6.28,福4,7,スペシャルサンクス,,牝,55.0,嶋田,美浦矢嶋,,,芝,1200,２歳新馬
2026.6.28,福4,8,ジーティーマイカ,,牝,55.0,松山,栗東前川,,,芝,1200,２歳新馬
2026.6.28,福4,9,サリードゥ,,牝,55.0,津村,美浦鈴木伸,,,芝,1200,２歳新馬
2026.6.28,福4,10,リケアチャチャチャ,,牝,52.0,▲石田,美浦上原博,,,芝,1200,２歳新馬
2026.6.28,福4,11,マリノシークレット,,牝,52.0,▲上里,美浦武市,,,芝,1200,２歳新馬
2026.6.28,福4,12,ミッドナイトドア,,牝,55.0,柴田大,美浦伊藤大,,,芝,1200,２歳新馬
2026.6.28,福4,13,ウインリスノアール,,牝,52.0,▲石神道,美浦和田郎,,,芝,1200,２歳新馬
2026.6.28,福4,14,ヤマニンアルセド,,牝,55.0,横山武,栗東長谷川,,,芝,1200,２歳新馬
2026.6.28,福5,1,ウィナーズチェック,,牝,55.0,ゴンサルベ,美浦和田勇,,,芝,1800,２歳新馬
2026.6.28,福5,2,マルガリート,,牝,55.0,江田照,美浦佐藤吉,,,芝,1800,２歳新馬
2026.6.28,福5,3,ラッキースパークル,,牡,55.0,戸崎圭,栗東松永幹,,,芝,1800,２歳新馬
2026.6.28,福5,4,ビップヴィーナス,,牝,55.0,丸山,美浦田島,,,芝,1800,２歳新馬
2026.6.28,福5,5,アルアンダルス,,牝,55.0,Ｍデムーロ,美浦小野,,,芝,1800,２歳新馬
2026.6.28,福5,6,プリメラエストレラ,,牡,55.0,三浦,栗東橋田,,,芝,1800,２歳新馬
2026.6.28,福5,7,センターアイランド,,牡,55.0,横山武,美浦嘉藤,,,芝,1800,２歳新馬
2026.6.28,福5,8,レッジェランツァ,,牡,55.0,津村,美浦田中博,,,芝,1800,２歳新馬
2026.6.28,福5,9,マーゴットパラディ,,牡,55.0,荻野極,美浦伊坂,,,芝,1800,２歳新馬
2026.6.28,福5,10,モンドドゥアムール,,牝,55.0,松山,栗東高橋康,,,芝,1800,２歳新馬
2026.6.28,福5,11,トリプティーク,,牝,55.0,柴田大,美浦和田雄,,,芝,1800,２歳新馬
2026.6.28,福5,12,アルデアーク,,牡,55.0,横山典,美浦村田,,,芝,1800,２歳新馬
2026.6.28,福5,13,ウインワーグナー,,牡,55.0,菊沢,美浦武市,,,芝,1800,２歳新馬
2026.6.28,福5,14,カペラテソーロ,,牡,55.0,木幡巧,美浦牧,,,芝,1800,２歳新馬
2026.6.28,福6,1,オレンジリバー,,牝,55.0,菊沢,美浦黒岩,,,ダ,1150,３歳未勝利
2026.6.28,福6,2,リアアーテシアン,,牝,55.0,高杉,美浦武井,,,ダ,1150,３歳未勝利
2026.6.28,福6,3,ペイシャラム,,牝,52.0,▲石田,美浦菊川,,,ダ,1150,３歳未勝利
2026.6.28,福6,4,スカット,,牝,52.0,▲佐藤,美浦堀内,,,ダ,1150,３歳未勝利
2026.6.28,福6,5,リバージュエル,,牝,55.0,石橋脩,美浦高柳瑞,,,ダ,1150,３歳未勝利
2026.6.28,福6,6,サトノワーグナー,,牡,57.0,戸崎圭,美浦斎藤誠,,,ダ,1150,３歳未勝利
2026.6.28,福6,7,イイクニパッション,,牡,54.0,▲石神道,美浦深山,,,ダ,1150,３歳未勝利
2026.6.28,福6,8,ハクサンスオーノ,,牡,54.0,▲上里,美浦加藤士,,,ダ,1150,３歳未勝利
2026.6.28,福6,9,モリガン,,牝,52.0,▲水沼,美浦柄崎,,,ダ,1150,３歳未勝利
2026.6.28,福6,10,ハクサンレイホウ,,牡,57.0,小林脩,美浦武藤,,,ダ,1150,３歳未勝利
2026.6.28,福6,11,ミラビリオン,,牡,57.0,松山,美浦伊坂,,,ダ,1150,３歳未勝利
2026.6.28,福6,12,ロジシーザ,,牡,57.0,松岡,美浦古賀慎,,,ダ,1150,３歳未勝利
2026.6.28,福6,13,カーニバルウェイ,,牝,55.0,柴田大,美浦清水英,,,ダ,1150,３歳未勝利
2026.6.28,福6,14,ハミングディスト,,牝,55.0,小崎,美浦嘉藤,,,ダ,1150,３歳未勝利
2026.6.28,福6,15,アリアーネ,,牝,55.0,菅原隆,美浦鈴木慎,,,ダ,1150,３歳未勝利
2026.6.28,福6,16,オレンジキャンパス,,牝,55.0,武藤,美浦武藤,,,ダ,1150,３歳未勝利
2026.6.28,福7,1,ニチヤヲツイデ,,牝,55.0,野中,美浦高橋文,,,芝,1200,３歳未勝利
2026.6.28,福7,2,オドラタス,,牝,55.0,田口,美浦林,,,芝,1200,３歳未勝利
2026.6.28,福7,3,ウインディナナコ,,牝,52.0,▲佐藤,美浦勢司,,,芝,1200,３歳未勝利
2026.6.28,福7,4,ニットウエース,,牡,57.0,武藤,美浦稲垣,,,芝,1200,３歳未勝利
2026.6.28,福7,5,ノーブルラホーヤ,,牝,52.0,▲石田,美浦深山,,,芝,1200,３歳未勝利
2026.6.28,福7,6,スーホ,,牡,57.0,荻野極,美浦上原佑,,,芝,1200,３歳未勝利
2026.6.28,福7,7,キッショウダラニ,,牡,57.0,木幡巧,美浦牧,,,芝,1200,３歳未勝利
2026.6.28,福7,8,ミサトレジーナ,,牝,55.0,菅原隆,美浦天間,,,芝,1200,３歳未勝利
2026.6.28,福7,9,スコアレジーナ,,牝,55.0,高杉,美浦矢野,,,芝,1200,３歳未勝利
2026.6.28,福7,10,ベンテンカグラ,,牝,55.0,菊沢,美浦勢司,,,芝,1200,３歳未勝利
2026.6.28,福7,11,ホットジュピター,,牝,55.0,丸田,美浦千葉,,,芝,1200,３歳未勝利
2026.6.28,福7,12,ザウシャルト,,セ,57.0,小林脩,美浦小野,,,芝,1200,３歳未勝利
2026.6.28,福7,13,カゼノハゴロモ,,牝,55.0,木幡育,美浦的場,,,芝,1200,３歳未勝利
2026.6.28,福7,14,アイアンパイク,,牝,55.0,横山典,美浦村田,,,芝,1200,３歳未勝利
2026.6.28,福7,15,マイネルヴェーゼン,,牡,57.0,石川,美浦相沢,,,芝,1200,３歳未勝利
2026.6.28,福7,16,アンパシオンス,,牝,52.0,▲水沼,美浦田島,,,芝,1200,３歳未勝利
2026.6.28,福8,1,ゲンジ,,牡,58.0,田辺,美浦尾形,,,芝,2600,３歳以上１勝クラス
2026.6.28,福8,2,エクセルクラウン,,牡,54.0,菊沢,美浦菊沢,,,芝,2600,３歳以上１勝クラス
2026.6.28,福8,3,ヤマニンヘルシェ,,牡,54.0,石川,美浦辻,,,芝,2600,３歳以上１勝クラス
2026.6.28,福8,4,リリエンフェルト,,牝,53.0,▲石田,美浦上原博,,,芝,2600,３歳以上１勝クラス
2026.6.28,福8,5,ニホンピロロジャー,,牡,54.0,田口,栗東緒方,,,芝,2600,３歳以上１勝クラス
2026.6.28,福8,6,テイキットイージー,,牡,58.0,木幡巧,美浦萱野,,,芝,2600,３歳以上１勝クラス
2026.6.28,福8,7,ストレートブラック,,牝,56.0,松岡,美浦奥平,,,芝,2600,３歳以上１勝クラス
2026.6.28,福8,8,キロノヴァ,,牡,58.0,北村宏,美浦大竹,,,芝,2600,３歳以上１勝クラス
2026.6.28,福8,9,リュクスパトロール,,牝,52.0,ゴンサルベ,美浦加藤士,,,芝,2600,３歳以上１勝クラス
2026.6.28,福8,10,エースフライト,,牡,54.0,戸崎圭,栗東池江,,,芝,2600,３歳以上１勝クラス
2026.6.28,福8,11,オメガストリーム,,牝,56.0,丸田,美浦田中勝,,,芝,2600,３歳以上１勝クラス
2026.6.28,福8,12,ジャスティンライズ,,セ,55.0,▲石神道,美浦大和田,,,芝,2600,３歳以上１勝クラス
2026.6.28,福8,13,グランドフォレスト,,牡,55.0,▲上里,美浦室井,,,芝,2600,３歳以上１勝クラス
2026.6.28,福9,1,アリスメティーク,,牝,56.0,荻野極,美浦大竹,,,芝,2000,松島特別(2勝クラス)
2026.6.28,福9,2,ウインルピナス,,牝,56.0,三浦,美浦鈴木伸,,,芝,2000,松島特別(2勝クラス)
2026.6.28,福9,3,ラビットアイ,,牝,56.0,田口,栗東鈴木孝,,,芝,2000,松島特別(2勝クラス)
2026.6.28,福9,4,レッセパッセ,,牝,56.0,菊沢,美浦柄崎,,,芝,2000,松島特別(2勝クラス)
2026.6.28,福9,5,エーデル,,牝,56.0,Ｍデムーロ,美浦金成,,,芝,2000,松島特別(2勝クラス)
2026.6.28,福9,6,ボウウィンドウ,,牝,56.0,戸崎圭,美浦武井,,,芝,2000,松島特別(2勝クラス)
2026.6.28,福9,7,コスモイシュタル,,牝,56.0,松岡,美浦深山,,,芝,2000,松島特別(2勝クラス)
2026.6.28,福9,8,オデット,,牝,56.0,石橋脩,栗東緒方,,,芝,2000,松島特別(2勝クラス)
2026.6.28,福9,9,エバーグルーヴ,,牝,56.0,高杉,栗東藤岡健,,,芝,2000,松島特別(2勝クラス)
2026.6.28,福9,10,ホウオウシンデレラ,,牝,56.0,丸田,美浦奥村武,,,芝,2000,松島特別(2勝クラス)
2026.6.28,福9,11,クロシェットノエル,,牝,56.0,武藤,美浦戸田,,,芝,2000,松島特別(2勝クラス)
2026.6.28,福9,12,ノビリシマビジョン,,牝,56.0,津村,美浦青木,,,芝,2000,松島特別(2勝クラス)
2026.6.28,福9,13,オルノア,,牝,56.0,小崎,栗東新谷,,,芝,2000,松島特別(2勝クラス)
2026.6.28,福9,14,レイピカケ,,牝,56.0,団野,栗東野中,,,芝,2000,松島特別(2勝クラス)
2026.6.28,福10,1,オリーブグリーン,,牡,58.0,松山,栗東矢作,,,ダ,1700,鶴ヶ城ステークス(3勝クラス)
2026.6.28,福10,2,メイショウフウドウ,,セ,58.0,三浦,栗東藤原,,,ダ,1700,鶴ヶ城ステークス(3勝クラス)
2026.6.28,福10,3,バギーウィップ,,牡,58.0,武藤,美浦大竹,,,ダ,1700,鶴ヶ城ステークス(3勝クラス)
2026.6.28,福10,4,エクリプスルバン,,セ,58.0,戸崎圭,美浦田中博,,,ダ,1700,鶴ヶ城ステークス(3勝クラス)
2026.6.28,福10,5,ヴァナルガンド,,牡,58.0,津村,美浦稲垣,,,ダ,1700,鶴ヶ城ステークス(3勝クラス)
2026.6.28,福10,6,タイセイミッション,,セ,58.0,菊沢,美浦伊藤圭,,,ダ,1700,鶴ヶ城ステークス(3勝クラス)
2026.6.28,福10,7,ラフエイジアン,,セ,58.0,ゴンサルベ,美浦中舘,,,ダ,1700,鶴ヶ城ステークス(3勝クラス)
2026.6.28,福10,8,アイウィル,,牡,58.0,田口,美浦高木,,,ダ,1700,鶴ヶ城ステークス(3勝クラス)
2026.6.28,福10,9,ドバイブルース,,牡,58.0,横山武,美浦加藤征,,,ダ,1700,鶴ヶ城ステークス(3勝クラス)
2026.6.28,福10,10,ゴールドアローン,,牝,56.0,石川,美浦青木,,,ダ,1700,鶴ヶ城ステークス(3勝クラス)
2026.6.28,福10,11,クロースコンバット,,牡,58.0,北村宏,美浦青木,,,ダ,1700,鶴ヶ城ステークス(3勝クラス)
2026.6.28,福11,1,ルージュボヤージュ,,牝,52.0,北村宏,美浦木村,,,芝,1800,ラジオＮＩＫＫＥＩ賞(G3)
2026.6.28,福11,2,クカイリモク,,牡,53.0,ゴンサルベ,美浦堀,,,芝,1800,ラジオＮＩＫＫＥＩ賞(G3)
2026.6.28,福11,3,ジーネキング,,牡,56.0,菊沢,美浦斎藤誠,,,芝,1800,ラジオＮＩＫＫＥＩ賞(G3)
2026.6.28,福11,4,サイモンシャリオ,,牡,52.0,田口,栗東梅田,,,芝,1800,ラジオＮＩＫＫＥＩ賞(G3)
2026.6.28,福11,5,リッツパーティー,,牡,54.0,横山武,美浦岩戸,,,芝,1800,ラジオＮＩＫＫＥＩ賞(G3)
2026.6.28,福11,6,コルテオソレイユ,,牡,54.0,荻野極,栗東佐藤悠,,,芝,1800,ラジオＮＩＫＫＥＩ賞(G3)
2026.6.28,福11,7,ショウナンガルフ,,牡,57.0,丸山,栗東須貝,,,芝,1800,ラジオＮＩＫＫＥＩ賞(G3)
2026.6.28,福11,8,ディールメーカー,,牡,56.0,高杉,美浦大和田,,,芝,1800,ラジオＮＩＫＫＥＩ賞(G3)
2026.6.28,福11,9,キンググローリー,,牡,54.0,石川,美浦古賀慎,,,芝,1800,ラジオＮＩＫＫＥＩ賞(G3)
2026.6.28,福11,10,ガリレア,,牡,54.0,石橋脩,美浦清水英,,,芝,1800,ラジオＮＩＫＫＥＩ賞(G3)
2026.6.28,福11,11,コロナドブリッジ,,牡,54.0,三浦,栗東庄野,,,芝,1800,ラジオＮＩＫＫＥＩ賞(G3)
2026.6.28,福11,12,ローベルクランツ,,牡,57.0,松山,栗東小林,,,芝,1800,ラジオＮＩＫＫＥＩ賞(G3)
2026.6.28,福11,13,サノノグレーター,,牡,56.0,田辺,美浦尾形,,,芝,1800,ラジオＮＩＫＫＥＩ賞(G3)
2026.6.28,福11,14,スカイスプレンダー,,牡,55.0,戸崎圭,栗東池江,,,芝,1800,ラジオＮＩＫＫＥＩ賞(G3)
2026.6.28,福11,15,バドリナート,,牡,57.0,津村,栗東松永幹,,,芝,1800,ラジオＮＩＫＫＥＩ賞(G3)
2026.6.28,福11,16,スペルーチェ,,牡,55.0,Ｍデムーロ,美浦宮田,,,芝,1800,ラジオＮＩＫＫＥＩ賞(G3)
2026.6.28,福12,1,ロイヤルスパイア,,牡,55.0,松山,美浦栗田,,,ダ,1150,３歳以上１勝クラス
2026.6.28,福12,2,モズタンケ,,牡,55.0,菊沢,美浦栗田,,,ダ,1150,３歳以上１勝クラス
2026.6.28,福12,3,マーシャルアン,,牡,52.0,▲上里,美浦大和田,,,ダ,1150,３歳以上１勝クラス
2026.6.28,福12,4,ミルトハーバー,,牡,55.0,田辺,美浦鈴木慎,,,ダ,1150,３歳以上１勝クラス
2026.6.28,福12,5,クアロアランチ,,牝,53.0,荻野極,美浦西田,,,ダ,1150,３歳以上１勝クラス
2026.6.28,福12,6,カツノテンス,,牡,58.0,松岡,美浦伊藤伸,,,ダ,1150,３歳以上１勝クラス
2026.6.28,福12,7,ソニックブレイカー,,牡,55.0,戸崎圭,美浦稲垣,,,ダ,1150,３歳以上１勝クラス
2026.6.28,福12,8,スターランウェイ,,牝,56.0,小林脩,美浦斎藤誠,,,ダ,1150,３歳以上１勝クラス
2026.6.28,福12,9,アルニラム,,セ,55.0,▲佐藤,美浦伊藤大,,,ダ,1150,３歳以上１勝クラス
2026.6.28,福12,10,ゴルトレオパルト,,牡,58.0,野中,美浦的場,,,ダ,1150,３歳以上１勝クラス
2026.6.28,福12,11,フクチャンヒメ,,牝,56.0,小崎,美浦加藤征,,,ダ,1150,３歳以上１勝クラス
2026.6.28,福12,12,タッカーバレット,,牡,58.0,木幡巧,美浦田島,,,ダ,1150,３歳以上１勝クラス
2026.6.28,福12,13,ブーケドリス,,牝,53.0,横山武,美浦宮田,,,ダ,1150,３歳以上１勝クラス
2026.6.28,福12,14,ジャスフォール,,牡,55.0,石橋脩,美浦上原佑,,,ダ,1150,３歳以上１勝クラス
2026.6.28,小1,1,ホーリーステップ,,牝,52.0,▲森田,栗東斉藤崇,,,芝,1200,３歳未勝利
2026.6.28,小1,2,ハイソリア,,牝,55.0,太宰,栗東昆,,,芝,1200,３歳未勝利
2026.6.28,小1,3,ランスオブラヴ,,牝,53.0,△柴田裕,栗東奥村豊,,,芝,1200,３歳未勝利
2026.6.28,小1,4,ベルセクレト,,牝,53.0,△田山,栗東藤岡健,,,芝,1200,３歳未勝利
2026.6.28,小1,5,ジョービスコッティ,,牝,55.0,吉村,栗東清水久,,,芝,1200,３歳未勝利
2026.6.28,小1,6,キャッチミークライ,,牝,55.0,松若,栗東牧田,,,芝,1200,３歳未勝利
2026.6.28,小1,7,ディオレガーロ,,牝,55.0,幸,栗東長谷川,,,芝,1200,３歳未勝利
2026.6.28,小1,8,セレブトーチ,,牝,52.0,▲川端,栗東坂口,,,芝,1200,３歳未勝利
2026.6.28,小1,9,アンガーザガール,,牝,55.0,西村淳,栗東東田,,,芝,1200,３歳未勝利
2026.6.28,小1,10,サンシャインビーチ,,牝,55.0,高倉,栗東渡辺,,,芝,1200,３歳未勝利
2026.6.28,小1,11,エンブルーシャ,,牝,55.0,富田,栗東武英,,,芝,1200,３歳未勝利
2026.6.28,小1,12,ヴィーラー,,牝,55.0,菱田,栗東矢作,,,芝,1200,３歳未勝利
2026.6.28,小1,13,メイショウピュルテ,,牝,55.0,西塚,栗東笹田,,,芝,1200,３歳未勝利
2026.6.28,小1,14,ザムーン,,牝,55.0,酒井,栗東千田,,,芝,1200,３歳未勝利
2026.6.28,小1,15,テイエムリチャード,,牝,55.0,川須,栗東鈴木孝,,,芝,1200,３歳未勝利
2026.6.28,小1,16,リーガルスプレンダ,,牝,55.0,加藤,栗東庄野,,,芝,1200,３歳未勝利
2026.6.28,小1,17,フルーツベイビー,,牝,55.0,国分優,栗東畑端,,,芝,1200,３歳未勝利
2026.6.28,小1,18,チェラブ,,牝,55.0,藤懸,栗東平田,,,芝,1200,３歳未勝利
2026.6.28,小2,1,ブランチアウト,,牡,57.0,太宰,栗東昆,,,芝,1800,３歳未勝利
2026.6.28,小2,2,マサハヤルージュ,,牝,55.0,吉村,栗東千田,,,芝,1800,３歳未勝利
2026.6.28,小2,3,エリカアズーラ,,牝,55.0,西塚,栗東友道,,,芝,1800,３歳未勝利
2026.6.28,小2,4,リュネヴィル,,牝,55.0,加藤,栗東梅田,,,芝,1800,３歳未勝利
2026.6.28,小2,5,モンロワイヤル,,牡,57.0,西村淳,栗東牧浦,,,芝,1800,３歳未勝利
2026.6.28,小2,6,グリミスティ,,牝,55.0,菱田,栗東森田,,,芝,1800,３歳未勝利
2026.6.28,小2,7,チヨ,,牝,51.0,△田山,栗東鈴木孝,,,芝,1800,３歳未勝利
2026.6.28,小2,8,エングルマン,,牡,55.0,幸,栗東西村,,,芝,1800,３歳未勝利
2026.6.28,小2,9,サンダーバード,,牝,53.0,◇今村,栗東武幸,,,芝,1800,３歳未勝利
2026.6.28,小2,10,メイショウユウゲン,,牡,54.0,▲森田,栗東安達,,,芝,1800,３歳未勝利
2026.6.28,小2,11,ワンダーエイド,,牡,57.0,秋山稔,栗東吉村,,,芝,1800,３歳未勝利
2026.6.28,小2,12,アリュウ,,牝,55.0,角田和,栗東井上,,,芝,1800,３歳未勝利
2026.6.28,小2,13,オーマイラッキーン,,牝,53.0,◇永島,栗東高橋康,,,芝,1800,３歳未勝利
2026.6.28,小2,14,ダノンプレリュード,,牝,55.0,富田,栗東矢作,,,芝,1800,３歳未勝利
2026.6.28,小2,15,パラフローラ,,牝,55.0,松若,栗東今野,,,芝,1800,３歳未勝利
2026.6.28,小2,16,シャロン,,牝,55.0,泉谷,栗東杉山晴,,,芝,1800,３歳未勝利
2026.6.28,小3,1,ショウナンライラ,,牡,57.0,富田,栗東松下,,,芝,1200,３歳未勝利
2026.6.28,小3,2,マテンロウノア,,牡,57.0,太宰,栗東坂口,,,芝,1200,３歳未勝利
2026.6.28,小3,3,イクヒロ,,牡,55.0,△柴田裕,栗東小椋,,,芝,1200,３歳未勝利
2026.6.28,小3,4,チュウワメロディー,,牡,57.0,松若,栗東小崎,,,芝,1200,３歳未勝利
2026.6.28,小3,5,タイガーロード,,牡,57.0,酒井,栗東大橋,,,芝,1200,３歳未勝利
2026.6.28,小3,6,ドラムメジャー,,牝,53.0,△田山,栗東東田,,,芝,1200,３歳未勝利
2026.6.28,小3,7,ヴェネラブル,,牝,55.0,藤懸,栗東吉村,,,芝,1200,３歳未勝利
2026.6.28,小3,8,ルナフィオーレ,,牝,55.0,西村淳,栗東庄野,,,芝,1200,３歳未勝利
2026.6.28,小3,9,チョウダントツ,,牝,52.0,▲川端,栗東羽月,,,芝,1200,３歳未勝利
2026.6.28,小3,10,ヤマトチャージ,,牡,57.0,角田和,栗東安達,,,芝,1200,３歳未勝利
2026.6.28,小3,11,スイートポメロ,,牝,55.0,菱田,栗東森田,,,芝,1200,３歳未勝利
2026.6.28,小3,12,アドバンスモダン,,セ,55.0,◇永島,栗東森秀,,,芝,1200,３歳未勝利
2026.6.28,小3,13,モズヴイ,,牡,57.0,川田,栗東藤岡健,,,芝,1200,３歳未勝利
2026.6.28,小3,14,ジャスティンカレラ,,牡,57.0,西塚,栗東友道,,,芝,1200,３歳未勝利
2026.6.28,小3,15,メテオロイド,,牡,57.0,幸,栗東宮地,,,芝,1200,３歳未勝利
2026.6.28,小3,16,モズナツノジン,,牡,57.0,国分優,栗東畑端,,,芝,1200,３歳未勝利
2026.6.28,小3,17,ワイドカクゲン,,牡,57.0,吉村,栗東杉山佳,,,芝,1200,３歳未勝利
2026.6.28,小3,18,レジーナテンペスタ,,牝,52.0,▲森田,栗東前川,,,芝,1200,３歳未勝利
2026.6.28,小4,1,ブラックアイロン,,牡,54.0,▲川端,栗東浜田,,,ダ,1700,３歳未勝利
2026.6.28,小4,2,レッドピアレス,,牡,57.0,西村淳,栗東中内田,,,ダ,1700,３歳未勝利
2026.6.28,小4,3,キミガスキダ,,牝,55.0,藤懸,栗東牧田,,,ダ,1700,３歳未勝利
2026.6.28,小4,4,ジュピターバローズ,,牡,57.0,西塚,栗東友道,,,ダ,1700,３歳未勝利
2026.6.28,小4,5,トモジャカトゥーラ,,牝,55.0,国分優,栗東大根田,,,ダ,1700,３歳未勝利
2026.6.28,小4,6,グリーンゴー,,牡,57.0,川田,栗東福永,,,ダ,1700,３歳未勝利
2026.6.28,小4,7,ゴールデンボブ,,牡,57.0,角田和,栗東四位,,,ダ,1700,３歳未勝利
2026.6.28,小4,8,グーフィー,,牡,57.0,長岡,栗東茶木,,,ダ,1700,３歳未勝利
2026.6.28,小4,9,リアライズステラ,,牡,57.0,酒井,栗東須貝,,,ダ,1700,３歳未勝利
2026.6.28,小4,10,メンデレーエフ,,牡,57.0,富田,栗東野中,,,ダ,1700,３歳未勝利
2026.6.28,小4,11,ホッコームジカ,,牝,53.0,◇今村,栗東飯田,,,ダ,1700,３歳未勝利
2026.6.28,小4,12,バンダムソレール,,牡,55.0,△田山,栗東小栗,,,ダ,1700,３歳未勝利
2026.6.28,小4,13,ゴールデンドラゴン,,牡,57.0,松若,栗東宮本,,,ダ,1700,３歳未勝利
2026.6.28,小4,14,ジューンマーチ,,牡,55.0,◇永島,栗東松下,,,ダ,1700,３歳未勝利
2026.6.28,小4,15,ハイビッグゴールド,,牡,57.0,幸,栗東谷,,,ダ,1700,３歳未勝利
2026.6.28,小4,16,パスリヤージュ,,牝,55.0,城戸,栗東荒川,,,ダ,1700,３歳未勝利
2026.6.28,小5,1,ワールドエンジェル,,牝,55.0,川田,栗東橋田,,,芝,1200,２歳新馬
2026.6.28,小5,2,メイショウペルル,,牡,55.0,角田和,栗東千田,,,芝,1200,２歳新馬
2026.6.28,小5,3,スマートエスコート,,牝,55.0,西塚,栗東笹田,,,芝,1200,２歳新馬
2026.6.28,小5,4,シャインロード,,牡,55.0,松若,栗東井上,,,芝,1200,２歳新馬
2026.6.28,小5,5,ヒルノアラゴン,,牡,55.0,秋山稔,栗東北出,,,芝,1200,２歳新馬
2026.6.28,小5,6,スマートポーション,,牝,55.0,吉村,栗東加藤公,,,芝,1200,２歳新馬
2026.6.28,小5,7,エルダークローネ,,牡,53.0,△田山,栗東西村,,,芝,1200,２歳新馬
2026.6.28,小5,8,クイーンズアイ,,牝,55.0,太宰,栗東昆,,,芝,1200,２歳新馬
2026.6.28,小5,9,キムケンシーサー,,牡,53.0,◇今村,栗東前川,,,芝,1200,２歳新馬
2026.6.28,小5,10,インディジャズ,,牝,55.0,西村淳,栗東高野,,,芝,1200,２歳新馬
2026.6.28,小6,1,トシミチ,,牡,55.0,幸,栗東谷,,,芝,1200,２歳新馬
2026.6.28,小6,2,グレートキリシマ,,牡,55.0,松若,栗東牧田,,,芝,1200,２歳新馬
2026.6.28,小6,3,スイトーヨ,,牝,55.0,川田,栗東角田,,,芝,1200,２歳新馬
2026.6.28,小6,4,ユイノジカンカセギ,,牡,55.0,長岡,美浦竹内,,,芝,1200,２歳新馬
2026.6.28,小6,5,ラブマイティー,,牝,55.0,杉原,美浦加藤和,,,芝,1200,２歳新馬
2026.6.28,小6,6,カシノヴィタ,,牝,52.0,▲森田,美浦和田雄,,,芝,1200,２歳新馬
2026.6.28,小6,7,カゴシマ,,セ,55.0,酒井,美浦松山,,,芝,1200,２歳新馬
2026.6.28,小6,8,ユイパルティ,,牝,53.0,◇永島,栗東平田,,,芝,1200,２歳新馬
2026.6.28,小6,9,プッシュザリミット,,牡,55.0,吉村,栗東柴田,,,芝,1200,２歳新馬
2026.6.28,小6,10,ニシノマティーニ,,牡,53.0,◇今村,美浦小手川,,,芝,1200,２歳新馬
2026.6.28,小6,11,カシノカゲマル,,セ,55.0,秋山稔,美浦蛯名利,,,芝,1200,２歳新馬
2026.6.28,小7,1,ナンヨークリスタル,,セ,58.0,泉谷,栗東松永幹,,,ダ,1000,３歳以上１勝クラス
2026.6.28,小7,2,ゴールデンバランス,,牡,55.0,松若,栗東杉山晴,,,ダ,1000,３歳以上１勝クラス
2026.6.28,小7,3,ルディシャ,,牡,58.0,藤懸,栗東森田,,,ダ,1000,３歳以上１勝クラス
2026.6.28,小7,4,アイカンアズーラ,,牝,53.0,酒井,栗東河嶋,,,ダ,1000,３歳以上１勝クラス
2026.6.28,小7,5,パドゼフィール,,牝,51.0,△田山,栗東新谷,,,ダ,1000,３歳以上１勝クラス
2026.6.28,小7,6,リアルアルバ,,牡,55.0,西塚,栗東大橋,,,ダ,1000,３歳以上１勝クラス
2026.6.28,小7,7,イイデカンタロウ,,牡,58.0,菱田,栗東北出,,,ダ,1000,３歳以上１勝クラス
2026.6.28,小7,8,ヨドノゴールド,,牡,58.0,角田和,栗東橋田,,,ダ,1000,３歳以上１勝クラス
2026.6.28,小7,9,ミライハーモニー,,牝,54.0,◇今村,栗東飯田,,,ダ,1000,３歳以上１勝クラス
2026.6.28,小7,10,ペルセポネ,,牝,50.0,▲森田,栗東渡辺,,,ダ,1000,３歳以上１勝クラス
2026.6.28,小8,1,グランドオーパス,,牝,53.0,幸,栗東橋口,,,芝,1800,３歳以上１勝クラス
2026.6.28,小8,2,カモメガトンダ,,牝,53.0,松若,栗東今野,,,芝,1800,３歳以上１勝クラス
2026.6.28,小8,3,メイショウピリカ,,牝,54.0,◇今村,栗東本田,,,芝,1800,３歳以上１勝クラス
2026.6.28,小8,4,エンベッカ,,牝,56.0,吉村,栗東柴田,,,芝,1800,３歳以上１勝クラス
2026.6.28,小8,5,ヴィーナスバブル,,牝,54.0,△田山,栗東東田,,,芝,1800,３歳以上１勝クラス
2026.6.28,小8,6,エレガンシア,,牝,56.0,富田,栗東高柳大,,,芝,1800,３歳以上１勝クラス
2026.6.28,小8,7,レーヌマロン,,牝,56.0,角田和,栗東小栗,,,芝,1800,３歳以上１勝クラス
2026.6.28,小8,8,コンバットペスカ,,牝,56.0,国分優,栗東角田,,,芝,1800,３歳以上１勝クラス
2026.6.28,小8,9,サリエンテ,,牝,53.0,西村淳,栗東池添,,,芝,1800,３歳以上１勝クラス
2026.6.28,小9,1,ビッグベルーガ,,牡,58.0,菱田,栗東牧浦,,,芝,2600,帆柱山特別(2勝クラス)
2026.6.28,小9,2,サトノスカイターフ,,牡,58.0,吉村,栗東池江,,,芝,2600,帆柱山特別(2勝クラス)
2026.6.28,小9,3,ショウナンガチ,,牡,58.0,酒井,栗東須貝,,,芝,2600,帆柱山特別(2勝クラス)
2026.6.28,小9,4,ボンドロア,,牡,58.0,角田和,栗東松永幹,,,芝,2600,帆柱山特別(2勝クラス)
2026.6.28,小9,5,サラトガチップス,,牡,58.0,田山,栗東新谷,,,芝,2600,帆柱山特別(2勝クラス)
2026.6.28,小9,6,ニュークレド,,牡,58.0,幸,栗東石坂,,,芝,2600,帆柱山特別(2勝クラス)
2026.6.28,小9,7,ナリタエスペランサ,,牡,54.0,川田,栗東福永,,,芝,2600,帆柱山特別(2勝クラス)
2026.6.28,小9,8,マテンロウシルビア,,牝,56.0,太宰,栗東四位,,,芝,2600,帆柱山特別(2勝クラス)
2026.6.28,小10,1,シンコーナホチャン,,牝,53.0,国分優,栗東畑端,,,ダ,1700,西部日刊スポーツ杯(2勝クラス)
2026.6.28,小10,2,メイショウジェンマ,,牡,54.0,今村,栗東飯田,,,ダ,1700,西部日刊スポーツ杯(2勝クラス)
2026.6.28,小10,3,レーティッシュ,,牡,57.0,川田,栗東高橋一,,,ダ,1700,西部日刊スポーツ杯(2勝クラス)
2026.6.28,小10,4,メイショウクーガー,,牡,55.0,中井,栗東中内田,,,ダ,1700,西部日刊スポーツ杯(2勝クラス)
2026.6.28,小10,5,コウジョリョウゾク,,牡,53.0,森田,栗東牧田,,,ダ,1700,西部日刊スポーツ杯(2勝クラス)
2026.6.28,小10,6,サンライズプルート,,牡,53.0,角田和,栗東東田,,,ダ,1700,西部日刊スポーツ杯(2勝クラス)
2026.6.28,小10,7,テーオーライマン,,牡,56.0,西村淳,栗東宮,,,ダ,1700,西部日刊スポーツ杯(2勝クラス)
2026.6.28,小10,8,メイショウヘール,,牡,54.0,酒井,栗東大橋,,,ダ,1700,西部日刊スポーツ杯(2勝クラス)
2026.6.28,小10,9,カルパ,,牡,56.0,田山,栗東須貝,,,ダ,1700,西部日刊スポーツ杯(2勝クラス)
2026.6.28,小10,10,マハートマーベル,,牡,56.0,吉村,栗東西村,,,ダ,1700,西部日刊スポーツ杯(2勝クラス)
2026.6.28,小10,11,アラナコア,,牡,56.0,菱田,栗東田中克,,,ダ,1700,西部日刊スポーツ杯(2勝クラス)
2026.6.28,小10,12,カウンティフェア,,牝,53.0,長岡,栗東高野,,,ダ,1700,西部日刊スポーツ杯(2勝クラス)
2026.6.28,小10,13,コスモストーム,,牡,57.0,秋山稔,栗東北出,,,ダ,1700,西部日刊スポーツ杯(2勝クラス)
2026.6.28,小10,14,グレイスオブゴッド,,牝,52.0,永島,栗東緒方,,,ダ,1700,西部日刊スポーツ杯(2勝クラス)
2026.6.28,小10,15,ズバットマサムネ,,セ,54.0,富田,栗東杉山佳,,,ダ,1700,西部日刊スポーツ杯(2勝クラス)
2026.6.28,小10,16,スマートプレシャス,,牝,52.0,松若,栗東中村,,,ダ,1700,西部日刊スポーツ杯(2勝クラス)
2026.6.28,小11,1,リチャードバローズ,,牡,54.0,菱田,栗東上村,,,芝,1200,紫川ステークス(3勝クラス)
2026.6.28,小11,2,ベイビーキッス,,牝,53.0,藤懸,美浦青木,,,芝,1200,紫川ステークス(3勝クラス)
2026.6.28,小11,3,ジュンヴァンケット,,セ,55.0,富田,栗東友道,,,芝,1200,紫川ステークス(3勝クラス)
2026.6.28,小11,4,ロードトレイル,,牡,55.0,田山,栗東藤岡健,,,芝,1200,紫川ステークス(3勝クラス)
2026.6.28,小11,5,テーオーダヴィンチ,,牡,55.0,幸,栗東岡田,,,芝,1200,紫川ステークス(3勝クラス)
2026.6.28,小11,6,アサクサグレース,,牝,54.0,杉原,栗東加藤公,,,芝,1200,紫川ステークス(3勝クラス)
2026.6.28,小11,7,ブラックケリー,,牝,53.0,西村淳,栗東長谷川,,,芝,1200,紫川ステークス(3勝クラス)
2026.6.28,小11,8,スカイハイ,,牡,57.0,川田,栗東清水久,,,芝,1200,紫川ステークス(3勝クラス)
2026.6.28,小12,1,ミランド,,牡,55.0,西村淳,栗東小林,,,ダ,1700,３歳以上１勝クラス
2026.6.28,小12,2,バロニアル,,牡,55.0,藤懸,栗東柴田,,,ダ,1700,３歳以上１勝クラス
2026.6.28,小12,3,アンティーム,,牡,55.0,国分恭,栗東高橋忠,,,ダ,1700,３歳以上１勝クラス
2026.6.28,小12,4,ブルーカミング,,牡,56.0,△柴田裕,栗東牧浦,,,ダ,1700,３歳以上１勝クラス
2026.6.28,小12,5,ミッションルース,,牡,56.0,◇永島,栗東平田,,,ダ,1700,３歳以上１勝クラス
2026.6.28,小12,6,チャチャピンク,,牡,58.0,亀田,栗東北出,,,ダ,1700,３歳以上１勝クラス
2026.6.28,小12,7,ニシノジェダイ,,牡,56.0,△田山,栗東宮本,,,ダ,1700,３歳以上１勝クラス
2026.6.28,小12,8,セルジュバローズ,,牡,55.0,吉村,栗東池江,,,ダ,1700,３歳以上１勝クラス
2026.6.28,小12,9,ポルトドール,,牡,58.0,角田和,栗東小栗,,,ダ,1700,３歳以上１勝クラス
2026.6.28,小12,10,クイノールト,,牡,55.0,幸,栗東橋口,,,ダ,1700,３歳以上１勝クラス
2026.6.28,小12,11,バトゥカーダ,,牡,55.0,秋山稔,栗東安達,,,ダ,1700,３歳以上１勝クラス
2026.6.28,小12,12,ブラックレジェンド,,牡,53.0,◇今村,栗東寺島,,,ダ,1700,３歳以上１勝クラス
2026.6.28,小12,13,モズプリヴェール,,牡,58.0,松若,栗東森田,,,ダ,1700,３歳以上１勝クラス
2026.6.28,小12,14,ライラックデューン,,牝,56.0,長岡,栗東緒方,,,ダ,1700,３歳以上１勝クラス
2026.6.28,小12,15,ロードシュヴァリエ,,牡,58.0,太宰,栗東森田,,,ダ,1700,３歳以上１勝クラス
2026.6.28,小12,16,ルシャリオ,,牡,58.0,西塚,栗東森田,,,ダ,1700,３歳以上１勝クラス
2026.6.28,函1,1,チカバリエンテ,,牝,52.0,▲小林美,栗東藤野,,,芝,1200,２歳未勝利
2026.6.28,函1,2,パンジャケリー,,牡,55.0,岩田望,栗東橋田,,,芝,1200,２歳未勝利
2026.6.28,函1,3,ウィルレーヴィア,,牡,55.0,横山琉,美浦尾形,,,芝,1200,２歳未勝利
2026.6.28,函1,4,キセキノユニコーン,,牡,53.0,◇古川奈,美浦伊坂,,,芝,1200,２歳未勝利
2026.6.28,函1,5,シークレットタワー,,牡,55.0,丹内,美浦金成,,,芝,1200,２歳未勝利
2026.6.28,函1,6,ガーシュウィン,,牡,51.0,★河原田,美浦和田雄,,,芝,1200,２歳未勝利
2026.6.28,函1,7,ダイシンドラゴン,,牡,55.0,佐々木,栗東高橋一,,,芝,1200,２歳未勝利
2026.6.28,函1,8,アイルドフルール,,牝,55.0,北村友,栗東田中克,,,芝,1200,２歳未勝利
2026.6.28,函2,1,メイショウタイザン,,牡,57.0,横山琉,栗東高橋忠,,,ダ,1700,３歳未勝利
2026.6.28,函2,2,ロジクリスエス,,セ,57.0,黛,美浦新開,,,ダ,1700,３歳未勝利
2026.6.28,函2,3,ライカ,,牡,57.0,大野,美浦杉浦,,,ダ,1700,３歳未勝利
2026.6.28,函2,4,テリコス,,牡,57.0,岩田康,栗東四位,,,ダ,1700,３歳未勝利
2026.6.28,函2,5,テンレッドサン,,牝,55.0,丹内,栗東西園翔,,,ダ,1700,３歳未勝利
2026.6.28,函2,6,アドフランマム,,牡,54.0,▲遠藤,栗東本田,,,ダ,1700,３歳未勝利
2026.6.28,函2,7,マルシュボヌール,,牝,54.0,☆舟山,栗東柴田,,,ダ,1700,３歳未勝利
2026.6.28,函2,8,サンオブザサン,,牡,57.0,斎藤,栗東高橋一,,,ダ,1700,３歳未勝利
2026.6.28,函2,9,スマートイデアル,,牝,51.0,★河原田,栗東角田,,,ダ,1700,３歳未勝利
2026.6.28,函2,10,ヒルノボローニャ,,セ,57.0,横山和,栗東昆,,,ダ,1700,３歳未勝利
2026.6.28,函2,11,モノノケ,,牝,52.0,▲和田陽,栗東宮地,,,ダ,1700,３歳未勝利
2026.6.28,函2,12,ロスニーニョス,,牡,57.0,古川吉,栗東大根田,,,ダ,1700,３歳未勝利
2026.6.28,函2,13,ルナノーヴァ,,牡,57.0,小沢,栗東緒方,,,ダ,1700,３歳未勝利
2026.6.28,函2,14,ヤマメイッカ,,牡,57.0,佐々木,美浦久保田,,,ダ,1700,３歳未勝利
2026.6.28,函3,1,エコロセレナ,,牝,55.0,斎藤,美浦斎藤誠,,,ダ,1000,３歳未勝利
2026.6.28,函3,2,アジーザム,,牝,55.0,岩田康,美浦松尾,,,ダ,1000,３歳未勝利
2026.6.28,函3,3,ビップアリス,,牝,55.0,原,栗東松下,,,ダ,1000,３歳未勝利
2026.6.28,函3,4,ブザービーター,,牡,56.0,☆長浜,美浦黒岩,,,ダ,1000,３歳未勝利
2026.6.28,函3,5,ホワイトラバーズ,,牝,55.0,古川吉,栗東大根田,,,ダ,1000,３歳未勝利
2026.6.28,函3,6,ハナイロマヒナ,,牝,55.0,北村友,栗東高橋亮,,,ダ,1000,３歳未勝利
2026.6.28,函3,7,イングラム,,牡,56.0,☆舟山,栗東千田,,,ダ,1000,３歳未勝利
2026.6.28,函3,8,ビタミンドロップ,,牡,57.0,丹内,美浦松山,,,ダ,1000,３歳未勝利
2026.6.28,函3,9,ジャーナーリア,,牡,54.0,遠藤,栗東本田,,,ダ,1000,３歳未勝利
2026.6.28,函3,10,ウィズアツインクル,,牡,57.0,佐々木,美浦牧,,,ダ,1000,３歳未勝利
2026.6.28,函3,11,コシタンタン,,牝,53.0,△鷲頭,美浦竹内,,,ダ,1000,３歳未勝利
2026.6.28,函3,12,ヴェンデボヌール,,牡,54.0,▲小林美,美浦久保田,,,ダ,1000,３歳未勝利
2026.6.28,函4,1,ミカレオス,,牡,57.0,荻野琢,栗東河嶋,,,芝,2600,３歳未勝利
2026.6.28,函4,2,ブリックアブラック,,牡,57.0,横山琉,美浦高木,,,芝,2600,３歳未勝利
2026.6.28,函4,3,フォーチュンローズ,,牝,55.0,佐々木,美浦上原佑,,,芝,2600,３歳未勝利
2026.6.28,函4,4,ウインブリザード,,牡,57.0,岩田康,美浦深山,,,芝,2600,３歳未勝利
2026.6.28,函4,5,ブッチギレ,,牡,54.0,▲遠藤,美浦栗田,,,芝,2600,３歳未勝利
2026.6.28,函4,6,アルタティール,,牡,56.0,☆長浜,美浦手塚久,,,芝,2600,３歳未勝利
2026.6.28,函4,7,カノープス,,牝,55.0,原,美浦辻,,,芝,2600,３歳未勝利
2026.6.28,函4,8,ソルトハッピー,,牡,57.0,吉田隼,栗東荒川,,,芝,2600,３歳未勝利
2026.6.28,函4,9,ウインアトム,,牡,54.0,▲和田陽,栗東寺島,,,芝,2600,３歳未勝利
2026.6.28,函4,10,ホウオウファミリー,,牡,56.0,☆舟山,美浦田中博,,,芝,2600,３歳未勝利
2026.6.28,函4,11,ヴィラジョヴィス,,牝,52.0,▲小林美,栗東小栗,,,芝,2600,３歳未勝利
2026.6.28,函4,12,タビニュ,,牡,57.0,池添,美浦松尾,,,芝,2600,３歳未勝利
2026.6.28,函4,13,ジングアップ,,牡,57.0,岩田望,美浦大竹,,,芝,2600,３歳未勝利
2026.6.28,函4,14,ノリマル,,牡,57.0,丹内,美浦尾形,,,芝,2600,３歳未勝利
2026.6.28,函4,15,ティラユール,,牡,54.0,▲大久保,栗東北出,,,芝,2600,３歳未勝利
2026.6.28,函4,16,ダイナソーコー,,牡,57.0,武豊,栗東藤岡健,,,芝,2600,３歳未勝利
2026.6.28,函5,1,ショパンコンクール,,牡,55.0,丹内,美浦岩戸,,,芝,1200,２歳新馬
2026.6.28,函5,2,シグレ,,牝,55.0,武豊,栗東武英,,,芝,1200,２歳新馬
2026.6.28,函5,3,ウメヒナタ,,牝,55.0,佐々木,栗東橋田,,,芝,1200,２歳新馬
2026.6.28,函5,4,ソウカイファミリア,,牡,55.0,横山和,美浦鈴木慎,,,芝,1200,２歳新馬
2026.6.28,函5,5,アズライトティアラ,,牝,55.0,小沢,栗東浜田,,,芝,1200,２歳新馬
2026.6.28,函5,6,ルミナスジェム,,牝,52.0,▲小林美,栗東中村,,,芝,1200,２歳新馬
2026.6.28,函6,1,アルペングロー,,牡,57.0,北村友,栗東上村,,,芝,2000,３歳未勝利
2026.6.28,函6,2,エクラドット,,牡,56.0,☆舟山,美浦西田,,,芝,2000,３歳未勝利
2026.6.28,函6,3,セイントクーヤ,,牡,56.0,☆長浜,美浦黒岩,,,芝,2000,３歳未勝利
2026.6.28,函6,4,ショウナンアワード,,牡,57.0,斎藤,栗東東田,,,芝,2000,３歳未勝利
2026.6.28,函6,5,ビップジョワ,,牝,52.0,▲小林美,美浦高柳瑞,,,芝,2000,３歳未勝利
2026.6.28,函6,6,ロッサコメータ,,牝,55.0,岩田望,栗東吉岡,,,芝,2000,３歳未勝利
2026.6.28,函6,7,フローレンスフーガ,,牡,57.0,古川吉,栗東四位,,,芝,2000,３歳未勝利
2026.6.28,函6,8,コティノス,,牡,57.0,浜中,栗東須貝,,,芝,2000,３歳未勝利
2026.6.28,函6,9,テンレディーゴー,,牡,57.0,吉田隼,美浦菊川,,,芝,2000,３歳未勝利
2026.6.28,函6,10,ベネディクション,,牝,53.0,◇古川奈,栗東矢作,,,芝,2000,３歳未勝利
2026.6.28,函6,11,シーガルワールド,,牝,55.0,横山和,美浦栗田,,,芝,2000,３歳未勝利
2026.6.28,函6,12,アート,,牡,54.0,▲和田陽,栗東杉山晴,,,芝,2000,３歳未勝利
2026.6.28,函6,13,マジックファイヤー,,牡,57.0,丹内,美浦浅利,,,芝,2000,３歳未勝利
2026.6.28,函6,14,マテンロウオリジン,,牡,57.0,池添,栗東坂口,,,芝,2000,３歳未勝利
2026.6.28,函6,15,ハルノアメ,,牡,53.0,★河原田,美浦上原博,,,芝,2000,３歳未勝利
2026.6.28,函6,16,ブランニューホーム,,牡,57.0,黛,美浦深山,,,芝,2000,３歳未勝利
2026.6.28,函7,1,ウィンターガーデン,,牝,55.0,☆舟山,栗東井上,,,ダ,1700,３歳以上１勝クラス
2026.6.28,函7,2,ビーチイン,,牝,53.0,横山和,美浦和田勇,,,ダ,1700,３歳以上１勝クラス
2026.6.28,函7,3,キタノサリスカ,,牝,50.0,▲和田陽,栗東羽月,,,ダ,1700,３歳以上１勝クラス
2026.6.28,函7,4,キャットテイル,,牝,52.0,★河原田,栗東野中,,,ダ,1700,３歳以上１勝クラス
2026.6.28,函7,5,アリストクラシア,,牝,56.0,岩田望,栗東吉岡,,,ダ,1700,３歳以上１勝クラス
2026.6.28,函7,6,ガーネットフレア,,牝,53.0,鮫島駿,栗東杉山佳,,,ダ,1700,３歳以上１勝クラス
2026.6.28,函7,7,ヒミノエトワール,,牝,56.0,武豊,栗東宮地,,,ダ,1700,３歳以上１勝クラス
2026.6.28,函7,8,サウンドルーチェ,,牝,53.0,▲小林美,栗東渡辺,,,ダ,1700,３歳以上１勝クラス
2026.6.28,函7,9,ゴールドヴィーナス,,牝,53.0,松本,栗東森秀,,,ダ,1700,３歳以上１勝クラス
2026.6.28,函7,10,シャンデヴィーニュ,,牝,53.0,北村友,栗東柴田,,,ダ,1700,３歳以上１勝クラス
2026.6.28,函8,1,アートフォーム,,牝,53.0,▲和田陽,栗東畑端,,,芝,1200,３歳以上１勝クラス
2026.6.28,函8,2,ストレイトアスク,,牝,53.0,▲小林美,栗東藤原,,,芝,1200,３歳以上１勝クラス
2026.6.28,函8,3,メーゼ,,牝,51.0,△鷲頭,美浦菊沢,,,芝,1200,３歳以上１勝クラス
2026.6.28,函8,4,クレセントウイング,,セ,57.0,☆舟山,美浦高橋文,,,芝,1200,３歳以上１勝クラス
2026.6.28,函8,5,マグネシアブリック,,セ,58.0,坂井,美浦中舘,,,芝,1200,３歳以上１勝クラス
2026.6.28,函8,6,ディーズメンフィス,,牝,50.0,★河原田,美浦村田,,,芝,1200,３歳以上１勝クラス
2026.6.28,函8,7,グリフォン,,牝,56.0,斎藤,栗東小椋,,,芝,1200,３歳以上１勝クラス
2026.6.28,函8,8,マイケルバローズ,,牡,55.0,岩田望,栗東上村,,,芝,1200,３歳以上１勝クラス
2026.6.28,函8,9,レオアジャイル,,牝,53.0,大野,美浦杉浦,,,芝,1200,３歳以上１勝クラス
2026.6.28,函8,10,ソードマスター,,牡,57.0,☆長浜,美浦小笠,,,芝,1200,３歳以上１勝クラス
2026.6.28,函8,11,ナクソス,,牡,55.0,松本,栗東井上,,,芝,1200,３歳以上１勝クラス
2026.6.28,函8,12,ニルマーネル,,牝,53.0,横山和,美浦小島,,,芝,1200,３歳以上１勝クラス
2026.6.28,函8,13,コスモレッド,,牝,53.0,池添,栗東北出,,,芝,1200,３歳以上１勝クラス
2026.6.28,函9,1,カムアップローゼス,,牡,55.0,岩田望,栗東浜田,,,芝,1800,臥牛山特別(1勝クラス)
2026.6.28,函9,2,ナムラヒナギク,,牝,53.0,小沢,栗東大橋,,,芝,1800,臥牛山特別(1勝クラス)
2026.6.28,函9,3,ゴーゴータカシ,,セ,58.0,吉田隼,美浦武井,,,芝,1800,臥牛山特別(1勝クラス)
2026.6.28,函9,4,ドッグウッド,,牡,55.0,斎藤,美浦斎藤誠,,,芝,1800,臥牛山特別(1勝クラス)
2026.6.28,函9,5,ネッタイヤライ,,牡,55.0,坂井,栗東矢作,,,芝,1800,臥牛山特別(1勝クラス)
2026.6.28,函9,6,ゼアズノープレイス,,牡,58.0,的場,美浦的場,,,芝,1800,臥牛山特別(1勝クラス)
2026.6.28,函9,7,ハルフロンティア,,牡,58.0,舟山,栗東池添,,,芝,1800,臥牛山特別(1勝クラス)
2026.6.28,函9,8,ハミルトン,,牡,58.0,鮫島駿,栗東高野,,,芝,1800,臥牛山特別(1勝クラス)
2026.6.28,函9,9,マイネルイグザルト,,牡,58.0,原,美浦佐藤吉,,,芝,1800,臥牛山特別(1勝クラス)
2026.6.28,函9,10,ピティロディア,,牡,58.0,丹内,美浦室井,,,芝,1800,臥牛山特別(1勝クラス)
2026.6.28,函10,1,プリンセッサ,,牝,56.0,岩田望,栗東牧田,,,ダ,1700,渡島特別(2勝クラス)
2026.6.28,函10,2,コパノエビータ,,牝,56.0,長浜,美浦手塚久,,,ダ,1700,渡島特別(2勝クラス)
2026.6.28,函10,3,ネクストダンサー,,牝,56.0,黛,美浦伊藤圭,,,ダ,1700,渡島特別(2勝クラス)
2026.6.28,函10,4,コンティオ,,牝,56.0,横山和,美浦和田勇,,,ダ,1700,渡島特別(2勝クラス)
2026.6.28,函10,5,ブラックルビー,,牝,56.0,北村友,美浦平岩,,,ダ,1700,渡島特別(2勝クラス)
2026.6.28,函10,6,ユージュアーナ,,牝,56.0,武豊,栗東奥村豊,,,ダ,1700,渡島特別(2勝クラス)
2026.6.28,函10,7,ルージュマローネ,,牝,56.0,佐々木,美浦栗田,,,ダ,1700,渡島特別(2勝クラス)
2026.6.28,函10,8,ニシノラヴァンダ,,牝,56.0,横山琉,美浦奥平,,,ダ,1700,渡島特別(2勝クラス)
2026.6.28,函10,9,タマモカンパネラ,,牝,56.0,原,美浦伊藤圭,,,ダ,1700,渡島特別(2勝クラス)
2026.6.28,函10,10,ウインシャーガス,,牝,56.0,鮫島駿,栗東杉山晴,,,ダ,1700,渡島特別(2勝クラス)
2026.6.28,函10,11,ドーンコーラス,,牝,56.0,丹内,美浦大竹,,,ダ,1700,渡島特別(2勝クラス)
2026.6.28,函11,1,バルナバ,,牡,55.0,斎藤,栗東浜田,,,芝,2000,函館記念(G3)
2026.6.28,函11,2,ファウストラーゼン,,牡,56.0,小林美,栗東須貝,,,芝,2000,函館記念(G3)
2026.6.28,函11,3,ピースワンデュック,,牡,55.0,佐々木,美浦大竹,,,芝,2000,函館記念(G3)
2026.6.28,函11,4,マジックサンズ,,牡,58.0,横山和,栗東須貝,,,芝,2000,函館記念(G3)
2026.6.28,函11,5,イガッチ,,牡,55.0,浜中,栗東笹田,,,芝,2000,函館記念(G3)
2026.6.28,函11,6,サンストックトン,,牡,54.0,松本,美浦堀内,,,芝,2000,函館記念(G3)
2026.6.28,函11,7,チャックネイト,,セ,58.0,鮫島駿,美浦堀,,,芝,2000,函館記念(G3)
2026.6.28,函11,8,ケイアイセナ,,牡,57.5,武豊,栗東平田,,,芝,2000,函館記念(G3)
2026.6.28,函11,9,オニャンコポン,,セ,54.0,横山琉,美浦小島,,,芝,2000,函館記念(G3)
2026.6.28,函11,10,ケリフレッドアスク,,牝,55.0,北村友,栗東藤原,,,芝,2000,函館記念(G3)
2026.6.28,函11,11,ジュタ,,牡,56.0,坂井,栗東矢作,,,芝,2000,函館記念(G3)
2026.6.28,函11,12,エコロディノス,,牡,57.0,池添,栗東大久保,,,芝,2000,函館記念(G3)
2026.6.28,函11,13,アラタ,,牡,58.0,大野,美浦和田勇,,,芝,2000,函館記念(G3)
2026.6.28,函11,14,フィーリウス,,牡,56.0,丹内,美浦手塚久,,,芝,2000,函館記念(G3)
2026.6.28,函11,15,デビットバローズ,,セ,58.0,岩田望,栗東上村,,,芝,2000,函館記念(G3)
2026.6.28,函12,1,ガットネロ,,牝,56.0,小沢,栗東東田,,,芝,1200,湯の川温泉特別(2勝クラス)
2026.6.28,函12,2,エルサトアナ,,牝,56.0,池添,栗東本田,,,芝,1200,湯の川温泉特別(2勝クラス)
2026.6.28,函12,3,サンドロナイト,,牝,56.0,北村友,栗東茶木,,,芝,1200,湯の川温泉特別(2勝クラス)
2026.6.28,函12,4,ウチュウノセカイ,,牡,55.0,原,美浦青木,,,芝,1200,湯の川温泉特別(2勝クラス)
2026.6.28,函12,5,キープサインオン,,牡,58.0,岩田望,美浦加藤征,,,芝,1200,湯の川温泉特別(2勝クラス)
2026.6.28,函12,6,ヴィヴァクラウン,,牡,58.0,大野,美浦杉浦,,,芝,1200,湯の川温泉特別(2勝クラス)
2026.6.28,函12,7,ビーコング,,牡,58.0,松本,美浦小手川,,,芝,1200,湯の川温泉特別(2勝クラス)
2026.6.28,函12,8,フェアリーライズ,,牝,53.0,黛,栗東秋山,,,芝,1200,湯の川温泉特別(2勝クラス)
2026.6.28,函12,9,エクストラバック,,牡,58.0,鮫島駿,栗東前川,,,芝,1200,湯の川温泉特別(2勝クラス)
2026.6.28,函12,10,シーグルロス,,牝,53.0,小林美,美浦尾形,,,芝,1200,湯の川温泉特別(2勝クラス)
2026.6.28,函12,11,ライツユーアップ,,牝,56.0,丹内,栗東角田,,,芝,1200,湯の川温泉特別(2勝クラス)
2026.6.28,函12,12,クリエープキー,,牝,53.0,古川吉,美浦牧,,,芝,1200,湯の川温泉特別(2勝クラス)
2026.6.28,函12,13,ゴキゲンサン,,牝,56.0,岩田康,美浦伊藤大,,,芝,1200,湯の川温泉特別(2勝クラス)
2026.6.28,函12,14,ホワイトドラゴン,,牡,55.0,横山和,美浦伊藤大,,,芝,1200,湯の川温泉特別(2勝クラス)
