日付S,場 R,馬番,馬名S,馬ID,性別,斤量,騎手,調教師,馬体重,馬体重増減,芝・ダ,距離,クラス,日付,開催,Ｒ,頭数
2026.6.27,福1,1,グラヴィテ,,牝,58.0,黒岩,栗東藤野,496.0,8.0,障,2750,３歳以上障害未勝利,260627,1福1,1,14.0
2026.6.27,福1,2,ナチュラルリバー,,牡,60.0,高田,栗東宮地,484.0,-6.0,障,2750,３歳以上障害未勝利,260627,1福1,1,14.0
2026.6.27,福1,3,ワールドシリーズ,,牡,60.0,中村,栗東秋山,476.0,4.0,障,2750,３歳以上障害未勝利,260627,1福1,1,14.0
2026.6.27,福1,4,バラジ,,セ,60.0,小牧加,栗東井上,498.0,-4.0,障,2750,３歳以上障害未勝利,260627,1福1,1,14.0
2026.6.27,福1,5,ディベルティスマン,,牡,60.0,伴,美浦菊沢,514.0,-6.0,障,2750,３歳以上障害未勝利,260627,1福1,1,14.0
2026.6.27,福1,6,セキテイオー,,牡,60.0,金子,美浦田中剛,482.0,0.0,障,2750,３歳以上障害未勝利,260627,1福1,1,14.0
2026.6.27,福1,7,クロライナ,,セ,60.0,五十嵐,美浦室井,486.0,-10.0,障,2750,３歳以上障害未勝利,260627,1福1,1,14.0
2026.6.27,福1,8,エンジョイドライブ,,牡,60.0,難波,栗東宮本,472.0,8.0,障,2750,３歳以上障害未勝利,260627,1福1,1,14.0
2026.6.27,福1,9,キュピドン,,牡,60.0,森一,栗東森秀,512.0,0.0,障,2750,３歳以上障害未勝利,260627,1福1,1,14.0
2026.6.27,福1,10,ブライテストドーン,,セ,57.0,▲小林凌,美浦田島,516.0,8.0,障,2750,３歳以上障害未勝利,260627,1福1,1,14.0
2026.6.27,福1,11,アスクアットバット,,セ,60.0,田村,栗東加藤公,486.0,14.0,障,2750,３歳以上障害未勝利,260627,1福1,1,14.0
2026.6.27,福1,12,オーサムストローク,,牡,60.0,草野,美浦伊藤圭,448.0,-6.0,障,2750,３歳以上障害未勝利,260627,1福1,1,14.0
2026.6.27,福1,13,トラマンダーレ,,セ,57.0,▲坂口,美浦浅利,500.0,-8.0,障,2750,３歳以上障害未勝利,260627,1福1,1,14.0
2026.6.27,福1,14,フォルガイル,,牡,57.0,▲水沼,美浦加藤和,446.0,6.0,障,2750,３歳以上障害未勝利,260627,1福1,1,14.0
2026.6.27,福2,1,ルプルミエラムール,,牝,55.0,小崎,美浦加藤征,466.0,2.0,ダ,1700,３歳未勝利,260627,1福1,2,15.0
2026.6.27,福2,2,リマーカブル,,牡,54.0,▲上里,美浦加藤和,552.0,-2.0,ダ,1700,３歳未勝利,260627,1福1,2,15.0
2026.6.27,福2,3,アオイミズホ,,牡,57.0,戸崎圭,美浦古賀慎,524.0,8.0,ダ,1700,３歳未勝利,260627,1福1,2,15.0
2026.6.27,福2,4,コパノミラノ,,牡,57.0,柴田大,美浦上原博,484.0,-4.0,ダ,1700,３歳未勝利,260627,1福1,2,15.0
2026.6.27,福2,5,カンフーヒーロー,,牡,54.0,▲水沼,美浦的場,480.0,2.0,ダ,1700,３歳未勝利,260627,1福1,2,15.0
2026.6.27,福2,6,タイセイジェンマ,,セ,57.0,野中,美浦松尾,502.0,0.0,ダ,1700,３歳未勝利,260627,1福1,2,15.0
2026.6.27,福2,7,アーティキュレート,,牡,57.0,菊沢,美浦手塚久,494.0,-2.0,ダ,1700,３歳未勝利,260627,1福1,2,15.0
2026.6.27,福2,8,スクイーズアウト,,牡,57.0,原,美浦黒岩,486.0,-14.0,ダ,1700,３歳未勝利,260627,1福1,2,15.0
2026.6.27,福2,9,フロムドーン,,牡,54.0,▲石田,美浦新開,496.0,0.0,ダ,1700,３歳未勝利,260627,1福1,2,15.0
2026.6.27,福2,10,マーゴットライズ,,牡,57.0,木幡巧,美浦伊坂,482.0,-2.0,ダ,1700,３歳未勝利,260627,1福1,2,15.0
2026.6.27,福2,11,ナツミカンチャン,,牝,55.0,石川,美浦千葉,464.0,0.0,ダ,1700,３歳未勝利,260627,1福1,2,15.0
2026.6.27,福2,12,キタノタイキ,,牡,57.0,小林脩,美浦奥平,442.0,6.0,ダ,1700,３歳未勝利,260627,1福1,2,15.0
2026.6.27,福2,13,リゼクールグレー,,牡,57.0,吉田豊,美浦高橋文,468.0,4.0,ダ,1700,３歳未勝利,260627,1福1,2,15.0
2026.6.27,福2,14,テンオンスゴールド,,牡,57.0,江田照,美浦田中剛,466.0,-6.0,ダ,1700,３歳未勝利,260627,1福1,2,15.0
2026.6.27,福2,15,スターツトゥデイ,,牡,57.0,坂井,美浦大竹,486.0,-4.0,ダ,1700,３歳未勝利,260627,1福1,2,15.0
2026.6.27,福3,1,コウユーニポポニコ,,牝,50.0,▲石田,美浦竹内,458.0,2.0,ダ,1700,３歳以上１勝クラス,260627,1福1,3,15.0
2026.6.27,福3,2,ラフレードピエル,,牡,55.0,江田照,美浦萱野,444.0,-4.0,ダ,1700,３歳以上１勝クラス,260627,1福1,3,15.0
2026.6.27,福3,3,ジェネラスキング,,牡,55.0,ゴンサルベ,美浦久保田,486.0,6.0,ダ,1700,３歳以上１勝クラス,260627,1福1,3,15.0
2026.6.27,福3,4,タイセツナヒ,,牡,55.0,原,美浦杉浦,464.0,-8.0,ダ,1700,３歳以上１勝クラス,260627,1福1,3,15.0
2026.6.27,福3,5,ナリノシャーウッド,,牡,55.0,菊沢,美浦田村,470.0,0.0,ダ,1700,３歳以上１勝クラス,260627,1福1,3,15.0
2026.6.27,福3,6,サムシングニュー,,牡,52.0,▲石神道,美浦鹿戸,480.0,6.0,ダ,1700,３歳以上１勝クラス,260627,1福1,3,15.0
2026.6.27,福3,7,ブルーユンチェリー,,牝,56.0,武藤,美浦水野,448.0,-10.0,ダ,1700,３歳以上１勝クラス,260627,1福1,3,15.0
2026.6.27,福3,8,ガムラスタン,,牡,55.0,小林脩,美浦斎藤誠,532.0,0.0,ダ,1700,３歳以上１勝クラス,260627,1福1,3,15.0
2026.6.27,福3,9,プロスペクトパーク,,牡,58.0,坂井,美浦高柳瑞,506.0,-8.0,ダ,1700,３歳以上１勝クラス,260627,1福1,3,15.0
2026.6.27,福3,10,ショウナンパトス,,牡,55.0,津村,美浦中舘,462.0,10.0,ダ,1700,３歳以上１勝クラス,260627,1福1,3,15.0
2026.6.27,福3,11,キタノブレイク,,牡,55.0,▲上里,美浦本間,478.0,-2.0,ダ,1700,３歳以上１勝クラス,260627,1福1,3,15.0
2026.6.27,福3,12,ラルフテソーロ,,牡,58.0,木幡巧,美浦伊藤圭,508.0,-8.0,ダ,1700,３歳以上１勝クラス,260627,1福1,3,15.0
2026.6.27,福3,13,クラウンフリード,,牡,55.0,▲佐藤,美浦天間,440.0,-25.0,ダ,1700,３歳以上１勝クラス,260627,1福1,3,15.0
2026.6.27,福3,14,コパノエイダン,,牡,55.0,柴田大,美浦上原博,482.0,2.0,ダ,1700,３歳以上１勝クラス,260627,1福1,3,15.0
2026.6.27,福3,15,パータリプトラ,,セ,55.0,北村宏,美浦武井,476.0,4.0,ダ,1700,３歳以上１勝クラス,260627,1福1,3,15.0
2026.6.27,福4,1,トモジャシック,,牡,60.0,難波,栗東大根田,476.0,-4.0,障,2750,３歳以上障害ＯＰ(OP),260627,1福1,4,10.0
2026.6.27,福4,2,ブラックバラード,,セ,60.0,伴,美浦嘉藤,452.0,-6.0,障,2750,３歳以上障害ＯＰ(OP),260627,1福1,4,10.0
2026.6.27,福4,3,ミレニアムヒロイン,,牝,58.0,草野,美浦池上,462.0,0.0,障,2750,３歳以上障害ＯＰ(OP),260627,1福1,4,10.0
2026.6.27,福4,4,ゴールドブリーズ,,牡,57.0,▲水沼,美浦深山,510.0,-2.0,障,2750,３歳以上障害ＯＰ(OP),260627,1福1,4,10.0
2026.6.27,福4,5,シャンドゥレール,,セ,57.0,▲坂口,美浦手塚徳,496.0,-4.0,障,2750,３歳以上障害ＯＰ(OP),260627,1福1,4,10.0
2026.6.27,福4,6,コンバスチョン,,セ,60.0,森一,美浦伊藤圭,500.0,0.0,障,2750,３歳以上障害ＯＰ(OP),260627,1福1,4,10.0
2026.6.27,福4,7,ウォーターリーダー,,牡,60.0,高田,栗東藤野,454.0,2.0,障,2750,３歳以上障害ＯＰ(OP),260627,1福1,4,10.0
2026.6.27,福4,8,ヴェールランス,,牡,60.0,五十嵐,美浦田村,450.0,-4.0,障,2750,３歳以上障害ＯＰ(OP),260627,1福1,4,10.0
2026.6.27,福4,9,アメリカンピース,,セ,60.0,小坂,栗東東田,460.0,-2.0,障,2750,３歳以上障害ＯＰ(OP),260627,1福1,4,10.0
2026.6.27,福4,10,ローンウルフ,,牡,60.0,大江圭,美浦武市,484.0,0.0,障,2750,３歳以上障害ＯＰ(OP),260627,1福1,4,10.0
2026.6.27,福5,1,エバーメテオ,,牡,55.0,津村,美浦和田郎,440.0,0.0,芝,1200,２歳新馬,260627,1福1,5,11.0
2026.6.27,福5,2,エニシングゴース,,牡,55.0,石橋脩,美浦和田雄,476.0,0.0,芝,1200,２歳新馬,260627,1福1,5,11.0
2026.6.27,福5,3,アンムート,,牝,55.0,坂井,栗東奥村豊,426.0,0.0,芝,1200,２歳新馬,260627,1福1,5,11.0
2026.6.27,福5,4,アイデアルカット,,牡,55.0,嶋田,美浦手塚徳,432.0,0.0,芝,1200,２歳新馬,260627,1福1,5,11.0
2026.6.27,福5,5,スウィット,,牡,55.0,木幡巧,美浦牧,458.0,0.0,芝,1200,２歳新馬,260627,1福1,5,11.0
2026.6.27,福5,6,エーアイクワイ,,牡,55.0,石川,美浦相沢,478.0,0.0,芝,1200,２歳新馬,260627,1福1,5,11.0
2026.6.27,福5,7,シャインフォード,,牡,55.0,武藤,美浦武藤,442.0,0.0,芝,1200,２歳新馬,260627,1福1,5,11.0
2026.6.27,福5,8,ブラックナザレ,,牡,55.0,小崎,美浦佐藤吉,470.0,0.0,芝,1200,２歳新馬,260627,1福1,5,11.0
2026.6.27,福5,9,ショウナンハーヴェ,,牡,55.0,ゴンサルベ,美浦中舘,434.0,0.0,芝,1200,２歳新馬,260627,1福1,5,11.0
2026.6.27,福5,10,モーモーゼロ,,牡,52.0,▲石田,美浦石栗,458.0,0.0,芝,1200,２歳新馬,260627,1福1,5,11.0
2026.6.27,福5,11,セイウントレジャ,,牡,55.0,野中,美浦杉浦,452.0,0.0,芝,1200,２歳新馬,260627,1福1,5,11.0
2026.6.27,福6,1,レオライジング,,牝,55.0,原,美浦杉浦,468.0,0.0,ダ,1150,２歳新馬,260627,1福1,6,10.0
2026.6.27,福6,2,エランヴィータ,,牡,55.0,三浦,美浦柄崎,502.0,0.0,ダ,1150,２歳新馬,260627,1福1,6,10.0
2026.6.27,福6,3,ラヴァブルロマン,,牝,55.0,菊沢,美浦伊藤圭,444.0,0.0,ダ,1150,２歳新馬,260627,1福1,6,10.0
2026.6.27,福6,4,パレスラン,,牡,55.0,石川,美浦手塚久,452.0,0.0,ダ,1150,２歳新馬,260627,1福1,6,10.0
2026.6.27,福6,5,エコロメジャー,,牡,55.0,戸崎圭,栗東牧浦,460.0,0.0,ダ,1150,２歳新馬,260627,1福1,6,10.0
2026.6.27,福6,6,オルッス,,牡,55.0,嶋田,美浦伊坂,432.0,0.0,ダ,1150,２歳新馬,260627,1福1,6,10.0
2026.6.27,福6,7,セイウンガジュマル,,牡,55.0,木幡巧,美浦牧,540.0,0.0,ダ,1150,２歳新馬,260627,1福1,6,10.0
2026.6.27,福6,8,ソラティオ,,牝,55.0,柴田大,美浦粕谷,414.0,0.0,ダ,1150,２歳新馬,260627,1福1,6,10.0
2026.6.27,福6,9,ムーンベリル,,牝,55.0,坂井,栗東西村,466.0,0.0,ダ,1150,２歳新馬,260627,1福1,6,10.0
2026.6.27,福6,10,マリノエスプレッソ,,牝,55.0,横山典,美浦村田,426.0,0.0,ダ,1150,２歳新馬,260627,1福1,6,10.0
2026.6.27,福7,1,アースヴィンチ,,牝,55.0,丸山,美浦蛯名正,460.0,8.0,芝,1800,３歳未勝利,260627,1福1,7,16.0
2026.6.27,福7,2,モーブプリエール,,牝,55.0,原,美浦鈴木慎,430.0,-2.0,芝,1800,３歳未勝利,260627,1福1,7,16.0
2026.6.27,福7,3,アッパーウォーター,,牝,55.0,坂井,美浦千葉,416.0,-2.0,芝,1800,３歳未勝利,260627,1福1,7,16.0
2026.6.27,福7,4,グレイスルーラー,,牝,52.0,▲佐藤,美浦尾形,452.0,-6.0,芝,1800,３歳未勝利,260627,1福1,7,16.0
2026.6.27,福7,5,エバーシャンティ,,牝,55.0,戸崎圭,美浦久保田,428.0,-6.0,芝,1800,３歳未勝利,260627,1福1,7,16.0
2026.6.27,福7,6,イバラヒメ,,牝,52.0,▲石田,美浦新開,442.0,8.0,芝,1800,３歳未勝利,260627,1福1,7,16.0
2026.6.27,福7,7,ラグアイリータ,,牝,55.0,津村,美浦岩戸,422.0,-10.0,芝,1800,３歳未勝利,260627,1福1,7,16.0
2026.6.27,福7,8,フォセットジェンヌ,,牝,55.0,ゴンサルベ,美浦和田勇,422.0,10.0,芝,1800,３歳未勝利,260627,1福1,7,16.0
2026.6.27,福7,9,ミダレセツゲツカ,,牝,52.0,▲上里,美浦清水英,392.0,-8.0,芝,1800,３歳未勝利,260627,1福1,7,16.0
2026.6.27,福7,10,ウインスフェーン,,牝,55.0,松岡,美浦畠山,424.0,-2.0,芝,1800,３歳未勝利,260627,1福1,7,16.0
2026.6.27,福7,11,レイナデルアイレ,,牝,55.0,嶋田,美浦矢嶋,436.0,2.0,芝,1800,３歳未勝利,260627,1福1,7,16.0
2026.6.27,福7,12,セルレーヴ,,牝,55.0,北村宏,美浦室井,484.0,14.0,芝,1800,３歳未勝利,260627,1福1,7,16.0
2026.6.27,福7,13,エリオステモン,,牝,55.0,武藤,美浦柄崎,410.0,0.0,芝,1800,３歳未勝利,260627,1福1,7,16.0
2026.6.27,福7,14,フロリメル,,牝,55.0,小崎,美浦加藤征,470.0,0.0,芝,1800,３歳未勝利,260627,1福1,7,16.0
2026.6.27,福7,15,ラングロワブリッジ,,牝,55.0,吉田豊,美浦戸田,490.0,0.0,芝,1800,３歳未勝利,260627,1福1,7,16.0
2026.6.27,福7,16,ポポラヴィスタ,,牝,52.0,▲石神道,美浦鈴木慎,420.0,2.0,芝,1800,３歳未勝利,260627,1福1,7,16.0
2026.6.27,福8,1,ベイツリー,,牡,57.0,横山典,美浦村田,398.0,6.0,芝,2000,３歳未勝利,260627,1福1,8,16.0
2026.6.27,福8,2,ウインマニフィーク,,牡,57.0,戸崎圭,美浦鈴木慎,466.0,0.0,芝,2000,３歳未勝利,260627,1福1,8,16.0
2026.6.27,福8,3,モロノディアマンテ,,牡,57.0,木幡巧,美浦田中勝,424.0,2.0,芝,2000,３歳未勝利,260627,1福1,8,16.0
2026.6.27,福8,4,シーサンタナ,,セ,57.0,嶋田,美浦手塚久,414.0,-6.0,芝,2000,３歳未勝利,260627,1福1,8,16.0
2026.6.27,福8,5,ホープフルワールド,,牡,57.0,北村宏,美浦伊藤大,450.0,2.0,芝,2000,３歳未勝利,260627,1福1,8,16.0
2026.6.27,福8,6,テンノルーキー,,牡,57.0,杉原,美浦田村,432.0,-4.0,芝,2000,３歳未勝利,260627,1福1,8,16.0
2026.6.27,福8,7,コールリッジ,,牡,57.0,荻野極,美浦林,446.0,2.0,芝,2000,３歳未勝利,260627,1福1,8,16.0
2026.6.27,福8,8,サトノリアファル,,牡,57.0,菊沢,美浦古賀慎,520.0,-4.0,芝,2000,３歳未勝利,260627,1福1,8,16.0
2026.6.27,福8,9,クリスタルドレス,,牝,55.0,江田照,美浦高橋文,428.0,-4.0,芝,2000,３歳未勝利,260627,1福1,8,16.0
2026.6.27,福8,10,マイネルオラクル,,牡,54.0,▲石神道,美浦尾関,488.0,-6.0,芝,2000,３歳未勝利,260627,1福1,8,16.0
2026.6.27,福8,11,シンショク,,牡,57.0,田辺,美浦尾形,476.0,0.0,芝,2000,３歳未勝利,260627,1福1,8,16.0
2026.6.27,福8,12,コスモアミュレット,,牡,57.0,ゴンサルベ,美浦加藤士,490.0,-2.0,芝,2000,３歳未勝利,260627,1福1,8,16.0
2026.6.27,福8,13,ベアダイヤモンド,,牡,57.0,津村,美浦松尾,456.0,-10.0,芝,2000,３歳未勝利,260627,1福1,8,16.0
2026.6.27,福8,14,オートカリテ,,牝,55.0,石橋脩,美浦牧,516.0,0.0,芝,2000,３歳未勝利,260627,1福1,8,16.0
2026.6.27,福8,15,サツキジュエル,,牝,55.0,丸田,美浦石栗,434.0,8.0,芝,2000,３歳未勝利,260627,1福1,8,16.0
2026.6.27,福8,16,マイチバイ,,牝,52.0,▲佐藤,美浦堀内,436.0,2.0,芝,2000,３歳未勝利,260627,1福1,8,16.0
2026.6.27,福9,1,ゲクウ,,牡,58.0,菅原隆,美浦小手川,490.0,-2.0,ダ,1150,さくらんぼ特別(2勝クラス),260627,1福1,9,16.0
2026.6.27,福9,2,カワキタマナレア,,牝,56.0,田辺,栗東杉山佳,420.0,2.0,ダ,1150,さくらんぼ特別(2勝クラス),260627,1福1,9,16.0
2026.6.27,福9,3,ゴルトリッチ,,牡,58.0,菊沢,栗東牧浦,492.0,-22.0,ダ,1150,さくらんぼ特別(2勝クラス),260627,1福1,9,16.0
2026.6.27,福9,4,タケルハーロック,,牡,58.0,石田,栗東高柳大,498.0,0.0,ダ,1150,さくらんぼ特別(2勝クラス),260627,1福1,9,16.0
2026.6.27,福9,5,イノキ,,牡,58.0,丸山,美浦岩戸,502.0,2.0,ダ,1150,さくらんぼ特別(2勝クラス),260627,1福1,9,16.0
2026.6.27,福9,6,エコロシード,,牡,55.0,ゴンサルベ,美浦堀,550.0,6.0,ダ,1150,さくらんぼ特別(2勝クラス),260627,1福1,9,16.0
2026.6.27,福9,7,ケブランリ,,牡,55.0,荻野極,美浦加藤士,500.0,0.0,ダ,1150,さくらんぼ特別(2勝クラス),260627,1福1,9,16.0
2026.6.27,福9,8,オセアエクスプレス,,牡,58.0,三浦,美浦菊川,490.0,0.0,ダ,1150,さくらんぼ特別(2勝クラス),260627,1福1,9,16.0
2026.6.27,福9,9,アメリカンチケット,,セ,58.0,小崎,栗東藤原,490.0,4.0,ダ,1150,さくらんぼ特別(2勝クラス),260627,1福1,9,16.0
2026.6.27,福9,10,ヒラボクカレラ,,牡,58.0,坂井,栗東奥村豊,464.0,6.0,ダ,1150,さくらんぼ特別(2勝クラス),260627,1福1,9,16.0
2026.6.27,福9,11,グラスブランシュ,,牝,56.0,杉原,美浦松山,480.0,14.0,ダ,1150,さくらんぼ特別(2勝クラス),260627,1福1,9,16.0
2026.6.27,福9,12,タッカージーティー,,牝,56.0,横山典,美浦鈴木伸,482.0,2.0,ダ,1150,さくらんぼ特別(2勝クラス),260627,1福1,9,16.0
2026.6.27,福9,13,サードウインド,,牝,56.0,武藤,美浦西田,456.0,4.0,ダ,1150,さくらんぼ特別(2勝クラス),260627,1福1,9,16.0
2026.6.27,福9,14,モリノセピア,,牡,58.0,津村,美浦鈴木伸,494.0,2.0,ダ,1150,さくらんぼ特別(2勝クラス),260627,1福1,9,16.0
2026.6.27,福9,15,ルクスレイモンド,,牡,55.0,戸崎圭,美浦上原佑,488.0,0.0,ダ,1150,さくらんぼ特別(2勝クラス),260627,1福1,9,16.0
2026.6.27,福9,16,シアター,,牝,56.0,原,栗東茶木,456.0,6.0,ダ,1150,さくらんぼ特別(2勝クラス),260627,1福1,9,16.0
2026.6.27,福10,1,ハイクオリティ,,牡,58.0,ゴンサルベ,栗東今野,474.0,-2.0,ダ,1700,いわき特別(2勝クラス),260627,1福1,10,11.0
2026.6.27,福10,2,ラストレガシー,,牡,58.0,田辺,美浦手塚久,478.0,-10.0,ダ,1700,いわき特別(2勝クラス),260627,1福1,10,11.0
2026.6.27,福10,3,リフレックス,,牡,55.0,三浦,美浦金成,466.0,-8.0,ダ,1700,いわき特別(2勝クラス),260627,1福1,10,11.0
2026.6.27,福10,4,ホウオウフロイト,,牡,58.0,杉原,美浦加藤和,438.0,-2.0,ダ,1700,いわき特別(2勝クラス),260627,1福1,10,11.0
2026.6.27,福10,5,ショウナンヤッホー,,牡,58.0,津村,美浦栗田,486.0,-10.0,ダ,1700,いわき特別(2勝クラス),260627,1福1,10,11.0
2026.6.27,福10,6,コックピットサイト,,牡,55.0,荻野極,美浦鹿戸,486.0,2.0,ダ,1700,いわき特別(2勝クラス),260627,1福1,10,11.0
2026.6.27,福10,7,コスモマルーン,,牝,56.0,菊沢,美浦秋本,476.0,-4.0,ダ,1700,いわき特別(2勝クラス),260627,1福1,10,11.0
2026.6.27,福10,8,ゲンパチルーナ,,牝,56.0,武藤,美浦西田,452.0,6.0,ダ,1700,いわき特別(2勝クラス),260627,1福1,10,11.0
2026.6.27,福10,9,ドゥマーヴェリック,,牡,58.0,戸崎圭,美浦大竹,464.0,-2.0,ダ,1700,いわき特別(2勝クラス),260627,1福1,10,11.0
2026.6.27,福10,10,ルクスメンデス,,牡,58.0,小崎,栗東小崎,484.0,0.0,ダ,1700,いわき特別(2勝クラス),260627,1福1,10,11.0
2026.6.27,福10,11,オーケーマヒナ,,牝,56.0,石川,美浦相沢,468.0,10.0,ダ,1700,いわき特別(2勝クラス),260627,1福1,10,11.0
2026.6.27,福11,1,テーオーダグラス,,牡,58.0,横山典,栗東須貝,482.0,-2.0,芝,2000,バーデンバーデンＣ(3勝クラス),260627,1福1,11,9.0
2026.6.27,福11,2,ノーランサンライズ,,牝,56.0,菊沢,栗東佐藤悠,502.0,0.0,芝,2000,バーデンバーデンＣ(3勝クラス),260627,1福1,11,9.0
2026.6.27,福11,3,ハニーコム,,牝,56.0,戸崎圭,美浦蛯名正,438.0,4.0,芝,2000,バーデンバーデンＣ(3勝クラス),260627,1福1,11,9.0
2026.6.27,福11,4,マリアイリダータ,,牝,56.0,坂井,美浦田中博,454.0,0.0,芝,2000,バーデンバーデンＣ(3勝クラス),260627,1福1,11,9.0
2026.6.27,福11,5,ホウオウスーペリア,,牡,58.0,津村,栗東吉岡,496.0,6.0,芝,2000,バーデンバーデンＣ(3勝クラス),260627,1福1,11,9.0
2026.6.27,福11,6,ホルトバージ,,牡,58.0,石川,栗東柴田,478.0,-6.0,芝,2000,バーデンバーデンＣ(3勝クラス),260627,1福1,11,9.0
2026.6.27,福11,7,リーティアコナル,,牡,58.0,小崎,栗東高橋一,484.0,-2.0,芝,2000,バーデンバーデンＣ(3勝クラス),260627,1福1,11,9.0
2026.6.27,福11,8,フィオレストラーダ,,牝,56.0,荻野極,栗東杉山晴,458.0,-10.0,芝,2000,バーデンバーデンＣ(3勝クラス),260627,1福1,11,9.0
2026.6.27,福11,9,アマイ,,牝,56.0,原,美浦伊藤大,470.0,2.0,芝,2000,バーデンバーデンＣ(3勝クラス),260627,1福1,11,9.0
2026.6.27,福12,1,オレイア,,牝,53.0,▲佐藤,美浦加藤和,396.0,10.0,芝,1200,３歳以上１勝クラス,260627,1福1,12,16.0
2026.6.27,福12,2,ルシェロアズーリ,,牝,56.0,津村,美浦鈴木伸,438.0,-2.0,芝,1200,３歳以上１勝クラス,260627,1福1,12,16.0
2026.6.27,福12,3,クリノゴッホ,,セ,58.0,原,美浦新開,456.0,-8.0,芝,1200,３歳以上１勝クラス,260627,1福1,12,16.0
2026.6.27,福12,4,テルケンレンスキー,,牡,55.0,木幡初,美浦竹内,476.0,-4.0,芝,1200,３歳以上１勝クラス,260627,1福1,12,16.0
2026.6.27,福12,5,テンプーシャオン,,牡,58.0,ゴンサルベ,美浦和田勇,436.0,-10.0,芝,1200,３歳以上１勝クラス,260627,1福1,12,16.0
2026.6.27,福12,6,デアリングエア,,牝,56.0,菊沢,美浦菊沢,462.0,0.0,芝,1200,３歳以上１勝クラス,260627,1福1,12,16.0
2026.6.27,福12,7,ラブリーガール,,牝,56.0,吉田豊,美浦勢司,452.0,2.0,芝,1200,３歳以上１勝クラス,260627,1福1,12,16.0
2026.6.27,福12,8,ココボロ,,牝,56.0,嶋田,美浦松山,512.0,-14.0,芝,1200,３歳以上１勝クラス,260627,1福1,12,16.0
2026.6.27,福12,9,サムハラ,,牡,52.0,▲石田,美浦新開,450.0,4.0,芝,1200,３歳以上１勝クラス,260627,1福1,12,16.0
2026.6.27,福12,10,ジェイエルライナー,,牝,56.0,小林脩,美浦青木,452.0,-10.0,芝,1200,３歳以上１勝クラス,260627,1福1,12,16.0
2026.6.27,福12,11,エバーラスト,,牡,52.0,▲石神道,美浦和田郎,500.0,12.0,芝,1200,３歳以上１勝クラス,260627,1福1,12,16.0
2026.6.27,福12,12,ビッグフラワー,,牡,58.0,小崎,美浦加藤征,484.0,-2.0,芝,1200,３歳以上１勝クラス,260627,1福1,12,16.0
2026.6.27,福12,13,ステートオブロック,,牡,58.0,丸山,美浦松尾,488.0,9.0,芝,1200,３歳以上１勝クラス,260627,1福1,12,16.0
2026.6.27,福12,14,ルクスコロン,,牝,56.0,石川,美浦堀内,438.0,8.0,芝,1200,３歳以上１勝クラス,260627,1福1,12,16.0
2026.6.27,福12,15,ファインサマーデイ,,牡,55.0,三浦,美浦高柳瑞,448.0,0.0,芝,1200,３歳以上１勝クラス,260627,1福1,12,16.0
2026.6.27,福12,16,コックオーヴァン,,牝,53.0,松岡,美浦伊藤伸,450.0,-2.0,芝,1200,３歳以上１勝クラス,260627,1福1,12,16.0
2026.6.27,小1,1,シスキンブルーム,,牝,55.0,団野,栗東斉藤崇,454.0,-6.0,芝,1200,２歳未勝利,260627,1小1,1,6.0
2026.6.27,小1,2,スマートメモリー,,牝,55.0,吉村,栗東石坂,428.0,0.0,芝,1200,２歳未勝利,260627,1小1,1,6.0
2026.6.27,小1,3,ペプチドニンバス,,牡,55.0,富田,栗東武英,452.0,-8.0,芝,1200,２歳未勝利,260627,1小1,1,6.0
2026.6.27,小1,4,イザベル,,牝,55.0,松若,栗東藤野,424.0,-6.0,芝,1200,２歳未勝利,260627,1小1,1,6.0
2026.6.27,小1,5,クリコキアナ,,牝,55.0,国分恭,栗東谷,454.0,-4.0,芝,1200,２歳未勝利,260627,1小1,1,6.0
2026.6.27,小1,6,ニドヅケキンシ,,牡,53.0,◇今村,栗東佐藤悠,482.0,-4.0,芝,1200,２歳未勝利,260627,1小1,1,6.0
2026.6.27,小2,1,クリコファルコン,,牡,57.0,菱田,栗東谷,458.0,-2.0,ダ,1000,３歳未勝利,260627,1小1,2,14.0
2026.6.27,小2,2,ヴォーゲ,,牡,57.0,田口,栗東森田,418.0,-14.0,ダ,1000,３歳未勝利,260627,1小1,2,14.0
2026.6.27,小2,3,メイショウマドンナ,,牝,52.0,▲森田,栗東荒川,474.0,-4.0,ダ,1000,３歳未勝利,260627,1小1,2,14.0
2026.6.27,小2,4,モズエムブイピー,,牡,57.0,西村淳,栗東矢作,538.0,-12.0,ダ,1000,３歳未勝利,260627,1小1,2,14.0
2026.6.27,小2,5,メイショウテンジン,,牡,57.0,松山,栗東高橋亮,482.0,-2.0,ダ,1000,３歳未勝利,260627,1小1,2,14.0
2026.6.27,小2,6,サンライズキース,,牡,57.0,川須,栗東羽月,502.0,-2.0,ダ,1000,３歳未勝利,260627,1小1,2,14.0
2026.6.27,小2,7,アルムアポジェ,,牝,55.0,秋山稔,栗東北出,472.0,-6.0,ダ,1000,３歳未勝利,260627,1小1,2,14.0
2026.6.27,小2,8,モズタイシソウシ,,牡,57.0,藤懸,栗東平田,466.0,-2.0,ダ,1000,３歳未勝利,260627,1小1,2,14.0
2026.6.27,小2,9,メイワキラリ,,牡,57.0,鮫島良,栗東河嶋,466.0,-2.0,ダ,1000,３歳未勝利,260627,1小1,2,14.0
2026.6.27,小2,10,ジャスパーブレイズ,,牡,57.0,川田,栗東森秀,502.0,4.0,ダ,1000,３歳未勝利,260627,1小1,2,14.0
2026.6.27,小2,11,ショーライトイヤー,,牡,57.0,太宰,栗東石橋,474.0,-6.0,ダ,1000,３歳未勝利,260627,1小1,2,14.0
2026.6.27,小2,12,マユナイト,,牝,55.0,幸,栗東高橋康,406.0,2.0,ダ,1000,３歳未勝利,260627,1小1,2,14.0
2026.6.27,小2,13,コパノルーカス,,牡,57.0,Ｍデムーロ,栗東梅田,480.0,-16.0,ダ,1000,３歳未勝利,260627,1小1,2,14.0
2026.6.27,小2,14,スマッシング,,牝,53.0,△田山,栗東佐藤悠,462.0,-2.0,ダ,1000,３歳未勝利,260627,1小1,2,14.0
2026.6.27,小3,1,エイシンミスリル,,牝,55.0,幸,栗東大久保,434.0,4.0,芝,1800,３歳未勝利,260627,1小1,3,16.0
2026.6.27,小3,2,ミリタリータトゥー,,牝,55.0,西塚,栗東藤岡健,514.0,0.0,芝,1800,３歳未勝利,260627,1小1,3,16.0
2026.6.27,小3,3,ゴールデンテティス,,牝,55.0,加藤,栗東庄野,452.0,-6.0,芝,1800,３歳未勝利,260627,1小1,3,16.0
2026.6.27,小3,4,ジリアート,,牝,53.0,◇今村,栗東矢作,426.0,4.0,芝,1800,３歳未勝利,260627,1小1,3,16.0
2026.6.27,小3,5,メイショウツキヨ,,牝,53.0,△柴田裕,栗東飯田,410.0,0.0,芝,1800,３歳未勝利,260627,1小1,3,16.0
2026.6.27,小3,6,ヴァーティゴー,,牝,55.0,酒井,栗東西園翔,434.0,-6.0,芝,1800,３歳未勝利,260627,1小1,3,16.0
2026.6.27,小3,7,アロハ,,牝,55.0,松山,栗東杉山晴,454.0,0.0,芝,1800,３歳未勝利,260627,1小1,3,16.0
2026.6.27,小3,8,ライツェントライゼ,,牝,55.0,団野,栗東梅田,472.0,-8.0,芝,1800,３歳未勝利,260627,1小1,3,16.0
2026.6.27,小3,9,クィーンズウィンク,,牝,55.0,吉村,栗東清水久,468.0,16.0,芝,1800,３歳未勝利,260627,1小1,3,16.0
2026.6.27,小3,10,オーロラボレアリス,,牝,55.0,Ｍデムーロ,栗東吉岡,470.0,-4.0,芝,1800,３歳未勝利,260627,1小1,3,16.0
2026.6.27,小3,11,ミスマリーゴールド,,牝,55.0,国分恭,栗東畑端,420.0,3.0,芝,1800,３歳未勝利,260627,1小1,3,16.0
2026.6.27,小3,12,ビサイレント,,牝,52.0,▲森田,栗東畑端,450.0,0.0,芝,1800,３歳未勝利,260627,1小1,3,16.0
2026.6.27,小3,13,スズノボンライミー,,牝,55.0,藤懸,栗東平田,442.0,0.0,芝,1800,３歳未勝利,260627,1小1,3,16.0
2026.6.27,小3,14,ミッキーテネシー,,牝,55.0,高杉,栗東中内田,444.0,0.0,芝,1800,３歳未勝利,260627,1小1,3,16.0
2026.6.27,小3,15,エコロゼルダ,,牝,53.0,△田山,栗東牧浦,456.0,-18.0,芝,1800,３歳未勝利,260627,1小1,3,16.0
2026.6.27,小3,16,バロッカネーラ,,牝,55.0,西村淳,栗東池添,446.0,4.0,芝,1800,３歳未勝利,260627,1小1,3,16.0
2026.6.27,小4,1,サカトクフェイス,,牡,57.0,長岡,栗東今野,444.0,-2.0,ダ,1700,３歳未勝利,260627,1小1,4,16.0
2026.6.27,小4,2,セイウンダイフク,,牡,55.0,◇永島,栗東宮本,430.0,-6.0,ダ,1700,３歳未勝利,260627,1小1,4,16.0
2026.6.27,小4,3,シンゼンコジロウ,,牡,55.0,◇今村,栗東飯田,450.0,-2.0,ダ,1700,３歳未勝利,260627,1小1,4,16.0
2026.6.27,小4,4,タマモスカイ,,牡,55.0,△田山,栗東茶木,484.0,-10.0,ダ,1700,３歳未勝利,260627,1小1,4,16.0
2026.6.27,小4,5,ソルアモール,,牝,55.0,団野,栗東宮本,458.0,-2.0,ダ,1700,３歳未勝利,260627,1小1,4,16.0
2026.6.27,小4,6,シャンパンスター,,牝,55.0,国分恭,栗東緒方,416.0,-2.0,ダ,1700,３歳未勝利,260627,1小1,4,16.0
2026.6.27,小4,7,シャドウクライ,,牝,55.0,松山,栗東杉山佳,460.0,4.0,ダ,1700,３歳未勝利,260627,1小1,4,16.0
2026.6.27,小4,8,アイランド,,牡,57.0,吉村,栗東清水久,474.0,-4.0,ダ,1700,３歳未勝利,260627,1小1,4,16.0
2026.6.27,小4,9,オセアスターライト,,セ,57.0,角田和,栗東東田,458.0,-2.0,ダ,1700,３歳未勝利,260627,1小1,4,16.0
2026.6.27,小4,10,ディープシャロー,,牡,57.0,太宰,栗東本田,508.0,8.0,ダ,1700,３歳未勝利,260627,1小1,4,16.0
2026.6.27,小4,11,ルヴレアール,,牡,54.0,▲森田,栗東角田,470.0,4.0,ダ,1700,３歳未勝利,260627,1小1,4,16.0
2026.6.27,小4,12,テイエムロングダン,,牡,57.0,国分優,栗東浜田,458.0,-2.0,ダ,1700,３歳未勝利,260627,1小1,4,16.0
2026.6.27,小4,13,ラッキーヴォーグ,,牡,57.0,藤懸,栗東牧田,470.0,-12.0,ダ,1700,３歳未勝利,260627,1小1,4,16.0
2026.6.27,小4,14,アップターンデイ,,牡,57.0,高杉,栗東藤岡健,488.0,-4.0,ダ,1700,３歳未勝利,260627,1小1,4,16.0
2026.6.27,小4,15,グレートアゲイン,,牡,55.0,△柴田裕,栗東牧浦,476.0,-4.0,ダ,1700,３歳未勝利,260627,1小1,4,16.0
2026.6.27,小4,16,ルージュエテルナ,,牝,55.0,西塚,栗東友道,480.0,-8.0,ダ,1700,３歳未勝利,260627,1小1,4,16.0
2026.6.27,小5,1,ワッザイカ,,牡,55.0,泉谷,栗東松永幹,444.0,0.0,芝,1200,２歳新馬,260627,1小1,5,10.0
2026.6.27,小5,2,リエーヴェ,,牡,53.0,◇永島,栗東松下,464.0,0.0,芝,1200,２歳新馬,260627,1小1,5,10.0
2026.6.27,小5,3,ニシノキヅイタラ,,牝,53.0,△田山,栗東谷,400.0,0.0,芝,1200,２歳新馬,260627,1小1,5,10.0
2026.6.27,小5,4,カシノクロサイト,,牝,55.0,亀田,栗東北出,418.0,0.0,芝,1200,２歳新馬,260627,1小1,5,10.0
2026.6.27,小5,5,ヘキレキ,,牡,55.0,国分優,栗東大根田,422.0,0.0,芝,1200,２歳新馬,260627,1小1,5,10.0
2026.6.27,小5,6,カエリールークス,,牝,55.0,松山,栗東佐藤悠,440.0,0.0,芝,1200,２歳新馬,260627,1小1,5,10.0
2026.6.27,小5,7,クリノパッション,,牡,55.0,国分恭,栗東高橋忠,478.0,0.0,芝,1200,２歳新馬,260627,1小1,5,10.0
2026.6.27,小5,8,ルーストカール,,牡,55.0,田口,栗東羽月,414.0,0.0,芝,1200,２歳新馬,260627,1小1,5,10.0
2026.6.27,小5,9,タカモリ,,牡,55.0,幸,栗東牧田,478.0,0.0,芝,1200,２歳新馬,260627,1小1,5,10.0
2026.6.27,小5,10,ソゲソゲスマイル,,牝,55.0,西塚,栗東笹田,370.0,0.0,芝,1200,２歳新馬,260627,1小1,5,10.0
2026.6.27,小6,1,フレアオブセンス,,牡,57.0,西村淳,栗東高野,480.0,6.0,芝,2000,３歳未勝利,260627,1小1,6,17.0
2026.6.27,小6,2,スクランプシャス,,牡,57.0,菱田,栗東橋口,466.0,4.0,芝,2000,３歳未勝利,260627,1小1,6,17.0
2026.6.27,小6,3,タガノミトゥンドゥ,,牝,53.0,△田山,栗東長谷川,444.0,-6.0,芝,2000,３歳未勝利,260627,1小1,6,17.0
2026.6.27,小6,4,グレイイメル,,牡,57.0,高倉,栗東武英,428.0,8.0,芝,2000,３歳未勝利,260627,1小1,6,17.0
2026.6.27,小6,5,マスターストーン,,牡,57.0,富田,栗東前川,568.0,0.0,芝,2000,３歳未勝利,260627,1小1,6,17.0
2026.6.27,小6,6,クリスタルタワー,,牝,53.0,◇今村,栗東寺島,424.0,-8.0,芝,2000,３歳未勝利,260627,1小1,6,17.0
2026.6.27,小6,7,シャマレル,,牡,57.0,角田和,栗東渡辺,436.0,-6.0,芝,2000,３歳未勝利,260627,1小1,6,17.0
2026.6.27,小6,8,クロスボーダー,,牝,55.0,川田,栗東小林,476.0,-8.0,芝,2000,３歳未勝利,260627,1小1,6,17.0
2026.6.27,小6,9,ビップヴォルフ,,牡,57.0,Ｍデムーロ,栗東小椋,444.0,0.0,芝,2000,３歳未勝利,260627,1小1,6,17.0
2026.6.27,小6,10,ヴェロシア,,牡,57.0,団野,栗東安田,508.0,4.0,芝,2000,３歳未勝利,260627,1小1,6,17.0
2026.6.27,小6,11,ルクスユアン,,牡,57.0,吉村,栗東清水久,444.0,-2.0,芝,2000,３歳未勝利,260627,1小1,6,17.0
2026.6.27,小6,12,ゴナビーオーライト,,牝,55.0,藤懸,栗東梅田,414.0,-11.0,芝,2000,３歳未勝利,260627,1小1,6,17.0
2026.6.27,小6,13,スフィダンテ,,牡,57.0,酒井,栗東高橋康,448.0,-8.0,芝,2000,３歳未勝利,260627,1小1,6,17.0
2026.6.27,小6,14,ゼンノゾンターク,,牡,57.0,国分恭,栗東緒方,478.0,-6.0,芝,2000,３歳未勝利,260627,1小1,6,17.0
2026.6.27,小6,15,ブライトキングダム,,牡,57.0,松山,栗東池江,530.0,0.0,芝,2000,３歳未勝利,260627,1小1,6,17.0
2026.6.27,小6,16,トラカイキャッスル,,牝,55.0,田口,栗東西村,432.0,0.0,芝,2000,３歳未勝利,260627,1小1,6,17.0
2026.6.27,小6,17,ケンブリッジグレイ,,牝,52.0,森田,栗東渡辺,,,芝,2000,３歳未勝利,260627,1小1,6,17.0
2026.6.27,小7,1,クインズセレネ,,牝,56.0,藤懸,栗東野中,488.0,12.0,ダ,1700,３歳以上１勝クラス,260627,1小1,7,16.0
2026.6.27,小7,2,ジョアン,,牝,53.0,団野,栗東中村,460.0,6.0,ダ,1700,３歳以上１勝クラス,260627,1小1,7,16.0
2026.6.27,小7,3,メイショウウメゴチ,,牝,56.0,秋山稔,栗東高橋忠,424.0,12.0,ダ,1700,３歳以上１勝クラス,260627,1小1,7,16.0
2026.6.27,小7,4,ベルメサイア,,牝,56.0,酒井,栗東西村,518.0,8.0,ダ,1700,３歳以上１勝クラス,260627,1小1,7,16.0
2026.6.27,小7,5,ショウナンラウール,,牝,54.0,△田山,栗東高橋忠,432.0,4.0,ダ,1700,３歳以上１勝クラス,260627,1小1,7,16.0
2026.6.27,小7,6,ニホンピロマリンバ,,牝,56.0,田口,栗東安達,500.0,-20.0,ダ,1700,３歳以上１勝クラス,260627,1小1,7,16.0
2026.6.27,小7,7,アンピュルシオン,,牝,56.0,長岡,栗東今野,446.0,6.0,ダ,1700,３歳以上１勝クラス,260627,1小1,7,16.0
2026.6.27,小7,8,デュアルロール,,牝,56.0,中井,栗東笹田,480.0,-10.0,ダ,1700,３歳以上１勝クラス,260627,1小1,7,16.0
2026.6.27,小7,9,クロユキ,,牝,56.0,角田和,栗東松永幹,440.0,-2.0,ダ,1700,３歳以上１勝クラス,260627,1小1,7,16.0
2026.6.27,小7,10,クイーンズホリデー,,牝,53.0,吉村,栗東清水久,504.0,14.0,ダ,1700,３歳以上１勝クラス,260627,1小1,7,16.0
2026.6.27,小7,11,ザラタン,,牝,54.0,△柴田裕,栗東中竹,436.0,-6.0,ダ,1700,３歳以上１勝クラス,260627,1小1,7,16.0
2026.6.27,小7,12,ショコラプリン,,牝,53.0,川田,栗東四位,506.0,6.0,ダ,1700,３歳以上１勝クラス,260627,1小1,7,16.0
2026.6.27,小7,13,ホウショウルクス,,牝,53.0,松若,栗東東田,440.0,-6.0,ダ,1700,３歳以上１勝クラス,260627,1小1,7,16.0
2026.6.27,小7,14,ポムドール,,牝,56.0,富田,栗東藤野,462.0,-3.0,ダ,1700,３歳以上１勝クラス,260627,1小1,7,16.0
2026.6.27,小7,15,アンリーベイビー,,牝,56.0,松山,栗東茶木,432.0,-2.0,ダ,1700,３歳以上１勝クラス,260627,1小1,7,16.0
2026.6.27,小7,16,ビジュードネージュ,,牝,56.0,亀田,栗東高柳大,432.0,-6.0,ダ,1700,３歳以上１勝クラス,260627,1小1,7,16.0
2026.6.27,小8,1,ドルチェミスト,,牝,50.0,▲森田,栗東小栗,446.0,-2.0,芝,1200,３歳以上１勝クラス,260627,1小1,8,9.0
2026.6.27,小8,2,ブルズアイプリンス,,牡,55.0,団野,栗東森秀,434.0,2.0,芝,1200,３歳以上１勝クラス,260627,1小1,8,9.0
2026.6.27,小8,3,メローネ,,牝,53.0,松若,栗東西園翔,408.0,2.0,芝,1200,３歳以上１勝クラス,260627,1小1,8,9.0
2026.6.27,小8,4,ベネメレンティ,,牝,54.0,△田山,栗東前川,468.0,10.0,芝,1200,３歳以上１勝クラス,260627,1小1,8,9.0
2026.6.27,小8,5,メイショウハボマイ,,牡,58.0,太宰,栗東本田,464.0,-6.0,芝,1200,３歳以上１勝クラス,260627,1小1,8,9.0
2026.6.27,小8,6,テーオーミリカン,,牡,58.0,長岡,栗東宮,460.0,-6.0,芝,1200,３歳以上１勝クラス,260627,1小1,8,9.0
2026.6.27,小8,7,パレットフレイバー,,牝,53.0,国分恭,栗東加藤公,450.0,-8.0,芝,1200,３歳以上１勝クラス,260627,1小1,8,9.0
2026.6.27,小8,8,レオナルドスター,,セ,56.0,△柴田裕,栗東秋山,452.0,-6.0,芝,1200,３歳以上１勝クラス,260627,1小1,8,9.0
2026.6.27,小8,9,ビーグラッド,,牝,56.0,幸,栗東岡田,448.0,4.0,芝,1200,３歳以上１勝クラス,260627,1小1,8,9.0
2026.6.27,小9,1,ダノンアトラス,,牡,58.0,Ｍデムーロ,栗東橋口,410.0,0.0,芝,2000,八代特別(1勝クラス),260627,1小1,9,8.0
2026.6.27,小9,2,ノンブルドール,,牡,55.0,西村淳,栗東西園翔,448.0,8.0,芝,2000,八代特別(1勝クラス),260627,1小1,9,8.0
2026.6.27,小9,3,デルシエロ,,牡,58.0,吉村,栗東清水久,422.0,-4.0,芝,2000,八代特別(1勝クラス),260627,1小1,9,8.0
2026.6.27,小9,4,サヴォアフェール,,牡,55.0,松山,栗東杉山晴,498.0,0.0,芝,2000,八代特別(1勝クラス),260627,1小1,9,8.0
2026.6.27,小9,5,ウィテカービート,,牡,58.0,秋山稔,栗東昆,510.0,-10.0,芝,2000,八代特別(1勝クラス),260627,1小1,9,8.0
2026.6.27,小9,6,パイオニアスクエア,,牡,58.0,富田,栗東茶木,492.0,2.0,芝,2000,八代特別(1勝クラス),260627,1小1,9,8.0
2026.6.27,小9,7,ゼンノインヴォーク,,セ,58.0,高杉,栗東緒方,448.0,6.0,芝,2000,八代特別(1勝クラス),260627,1小1,9,8.0
2026.6.27,小9,8,サンライズグラシア,,牡,58.0,田山,栗東矢作,478.0,-2.0,芝,2000,八代特別(1勝クラス),260627,1小1,9,8.0
2026.6.27,小10,1,ミキノバカラ,,牡,58.0,西塚,栗東大橋,484.0,-4.0,芝,1200,宗像特別(2勝クラス),260627,1小1,10,13.0
2026.6.27,小10,2,ホーリーブラッサム,,牝,56.0,団野,栗東斉藤崇,486.0,0.0,芝,1200,宗像特別(2勝クラス),260627,1小1,10,13.0
2026.6.27,小10,3,メイショウミリオレ,,牝,56.0,菱田,栗東藤岡健,486.0,0.0,芝,1200,宗像特別(2勝クラス),260627,1小1,10,13.0
2026.6.27,小10,4,ジェニファー,,牝,56.0,松山,栗東浜田,466.0,8.0,芝,1200,宗像特別(2勝クラス),260627,1小1,10,13.0
2026.6.27,小10,5,オオナミコナミ,,牝,56.0,西村淳,栗東牧浦,506.0,22.0,芝,1200,宗像特別(2勝クラス),260627,1小1,10,13.0
2026.6.27,小10,6,ヤマニンレセディ,,牝,56.0,田山,栗東長谷川,472.0,8.0,芝,1200,宗像特別(2勝クラス),260627,1小1,10,13.0
2026.6.27,小10,7,スネーフリンガ,,牝,56.0,幸,栗東森田,458.0,-6.0,芝,1200,宗像特別(2勝クラス),260627,1小1,10,13.0
2026.6.27,小10,8,ロードトレゾール,,牡,58.0,吉村,栗東清水久,540.0,-4.0,芝,1200,宗像特別(2勝クラス),260627,1小1,10,13.0
2026.6.27,小10,9,ブリーズオンチーク,,牝,56.0,藤懸,栗東高野,482.0,-4.0,芝,1200,宗像特別(2勝クラス),260627,1小1,10,13.0
2026.6.27,小10,10,ルージュサウダージ,,牝,53.0,角田和,栗東松永幹,472.0,2.0,芝,1200,宗像特別(2勝クラス),260627,1小1,10,13.0
2026.6.27,小10,11,サディーク,,牝,56.0,松若,栗東河嶋,450.0,10.0,芝,1200,宗像特別(2勝クラス),260627,1小1,10,13.0
2026.6.27,小10,12,クォーツァイト,,牝,56.0,高杉,栗東橋田,476.0,6.0,芝,1200,宗像特別(2勝クラス),260627,1小1,10,13.0
2026.6.27,小10,13,シュブロンレーヴル,,牝,56.0,秋山稔,栗東杉山佳,432.0,10.0,芝,1200,宗像特別(2勝クラス),260627,1小1,10,13.0
2026.6.27,小11,1,ケイアイメキラ,,セ,58.0,藤懸,栗東秋山,502.0,4.0,ダ,1700,薩摩ステークス(3勝クラス),260627,1小1,11,15.0
2026.6.27,小11,2,ジューンエオス,,牝,56.0,西村淳,栗東武英,498.0,10.0,ダ,1700,薩摩ステークス(3勝クラス),260627,1小1,11,15.0
2026.6.27,小11,3,テーオールビー,,牝,56.0,長岡,栗東宮,464.0,2.0,ダ,1700,薩摩ステークス(3勝クラス),260627,1小1,11,15.0
2026.6.27,小11,4,ハリーケーン,,牡,58.0,幸,栗東大根田,524.0,0.0,ダ,1700,薩摩ステークス(3勝クラス),260627,1小1,11,15.0
2026.6.27,小11,5,グランキングオー,,牡,58.0,吉村,栗東高橋康,458.0,0.0,ダ,1700,薩摩ステークス(3勝クラス),260627,1小1,11,15.0
2026.6.27,小11,6,メイショウミカワ,,牡,58.0,松若,栗東千田,516.0,-6.0,ダ,1700,薩摩ステークス(3勝クラス),260627,1小1,11,15.0
2026.6.27,小11,7,カネトシゴウト,,牡,58.0,田口,栗東大橋,454.0,-20.0,ダ,1700,薩摩ステークス(3勝クラス),260627,1小1,11,15.0
2026.6.27,小11,8,プロミシングスター,,牡,58.0,団野,栗東高橋忠,452.0,0.0,ダ,1700,薩摩ステークス(3勝クラス),260627,1小1,11,15.0
2026.6.27,小11,9,ゴッドブルービー,,牡,58.0,角田和,栗東角田,468.0,-2.0,ダ,1700,薩摩ステークス(3勝クラス),260627,1小1,11,15.0
2026.6.27,小11,10,マッシャーブルム,,牡,58.0,高倉,栗東河嶋,524.0,-6.0,ダ,1700,薩摩ステークス(3勝クラス),260627,1小1,11,15.0
2026.6.27,小11,11,ストップヤーニング,,牡,58.0,高杉,栗東羽月,448.0,2.0,ダ,1700,薩摩ステークス(3勝クラス),260627,1小1,11,15.0
2026.6.27,小11,12,アレナパラシオ,,牡,58.0,富田,栗東四位,466.0,-10.0,ダ,1700,薩摩ステークス(3勝クラス),260627,1小1,11,15.0
2026.6.27,小11,13,シンビリーブ,,牡,58.0,川田,栗東森秀,524.0,-2.0,ダ,1700,薩摩ステークス(3勝クラス),260627,1小1,11,15.0
2026.6.27,小11,14,メイショウコガシラ,,牡,58.0,太宰,栗東本田,504.0,-6.0,ダ,1700,薩摩ステークス(3勝クラス),260627,1小1,11,15.0
2026.6.27,小11,15,パフ,,牡,58.0,西塚,栗東橋口,486.0,4.0,ダ,1700,薩摩ステークス(3勝クラス),260627,1小1,11,15.0
2026.6.27,小12,1,ルブリアン,,牡,55.0,▲森田,栗東高橋亮,488.0,-10.0,芝,1200,３歳以上１勝クラス,260627,1小1,12,8.0
2026.6.27,小12,2,ピアストイヤーズ,,牡,58.0,団野,栗東小崎,442.0,-6.0,芝,1200,３歳以上１勝クラス,260627,1小1,12,8.0
2026.6.27,小12,3,ノリノリソックス,,牝,53.0,酒井,栗東西園翔,428.0,-4.0,芝,1200,３歳以上１勝クラス,260627,1小1,12,8.0
2026.6.27,小12,4,レインオンミー,,牡,56.0,△田山,栗東福永,478.0,-4.0,芝,1200,３歳以上１勝クラス,260627,1小1,12,8.0
2026.6.27,小12,5,スレッドザニードル,,牡,58.0,国分恭,栗東安達,470.0,4.0,芝,1200,３歳以上１勝クラス,260627,1小1,12,8.0
2026.6.27,小12,6,リピ,,牝,53.0,松若,栗東西園翔,444.0,2.0,芝,1200,３歳以上１勝クラス,260627,1小1,12,8.0
2026.6.27,小12,7,メイショウオオミネ,,牡,58.0,太宰,栗東石橋,448.0,2.0,芝,1200,３歳以上１勝クラス,260627,1小1,12,8.0
2026.6.27,小12,8,タナスーペルノーバ,,牡,53.0,◇今村,栗東寺島,450.0,-10.0,芝,1200,３歳以上１勝クラス,260627,1小1,12,8.0
2026.6.27,函1,1,ビアーレ,,牝,52.0,▲小林美,美浦林,420.0,4.0,芝,1200,３歳未勝利,260627,1函1,1,16.0
2026.6.27,函1,2,アルサック,,牝,55.0,丹内,栗東柴田,492.0,2.0,芝,1200,３歳未勝利,260627,1函1,1,16.0
2026.6.27,函1,3,フォークスアップ,,牡,57.0,古川吉,美浦勢司,486.0,0.0,芝,1200,３歳未勝利,260627,1函1,1,16.0
2026.6.27,函1,4,グリニッジローズ,,牝,52.0,▲大久保,美浦田中剛,456.0,26.0,芝,1200,３歳未勝利,260627,1函1,1,16.0
2026.6.27,函1,5,エフティヴェント,,牡,57.0,佐々木,美浦金成,422.0,2.0,芝,1200,３歳未勝利,260627,1函1,1,16.0
2026.6.27,函1,6,リネアベルタ,,牝,55.0,岩田康,栗東宮地,426.0,8.0,芝,1200,３歳未勝利,260627,1函1,1,16.0
2026.6.27,函1,7,フリーダムスタイル,,牝,55.0,横山和,栗東森田,420.0,6.0,芝,1200,３歳未勝利,260627,1函1,1,16.0
2026.6.27,函1,8,スノーガーネット,,牝,55.0,横山琉,栗東中尾,474.0,-2.0,芝,1200,３歳未勝利,260627,1函1,1,16.0
2026.6.27,函1,9,レースクイーン,,牝,52.0,▲遠藤,美浦蛯名利,416.0,3.0,芝,1200,３歳未勝利,260627,1函1,1,16.0
2026.6.27,函1,10,ニシノオールワン,,牝,55.0,武豊,美浦加藤征,454.0,0.0,芝,1200,３歳未勝利,260627,1函1,1,16.0
2026.6.27,函1,11,サンアイディール,,牝,53.0,△鷲頭,栗東宮本,390.0,8.0,芝,1200,３歳未勝利,260627,1函1,1,16.0
2026.6.27,函1,12,ラブソング,,牝,55.0,黛,美浦尾関,420.0,8.0,芝,1200,３歳未勝利,260627,1函1,1,16.0
2026.6.27,函1,13,スーパーチャイルド,,牡,57.0,斎藤,美浦本間,492.0,-2.0,芝,1200,３歳未勝利,260627,1函1,1,16.0
2026.6.27,函1,14,アリアス,,牝,55.0,横山武,美浦高柳瑞,420.0,-4.0,芝,1200,３歳未勝利,260627,1函1,1,16.0
2026.6.27,函1,15,スイープセレニティ,,牝,55.0,岩田望,美浦宮田,472.0,-4.0,芝,1200,３歳未勝利,260627,1函1,1,16.0
2026.6.27,函1,16,ルージュアストレア,,牝,54.0,☆舟山,美浦栗田,422.0,-2.0,芝,1200,３歳未勝利,260627,1函1,1,16.0
2026.6.27,函2,1,サンタクローチェ,,牝,53.0,△鷲頭,栗東西村,450.0,4.0,ダ,1000,３歳未勝利,260627,1函1,2,12.0
2026.6.27,函2,2,スイーヴル,,牝,55.0,岩田望,栗東小椋,466.0,8.0,ダ,1000,３歳未勝利,260627,1函1,2,12.0
2026.6.27,函2,3,シルフ,,牝,52.0,▲和田陽,栗東藤野,450.0,8.0,ダ,1000,３歳未勝利,260627,1函1,2,12.0
2026.6.27,函2,4,ロングフルスペック,,牝,55.0,古川吉,栗東大根田,462.0,12.0,ダ,1000,３歳未勝利,260627,1函1,2,12.0
2026.6.27,函2,5,アイビーミャーオ,,牝,55.0,松本,栗東小林,448.0,4.0,ダ,1000,３歳未勝利,260627,1函1,2,12.0
2026.6.27,函2,6,クインズスズラン,,牝,55.0,横山和,美浦村田,508.0,0.0,ダ,1000,３歳未勝利,260627,1函1,2,12.0
2026.6.27,函2,7,ドリームガッサン,,牝,52.0,▲小林美,美浦鈴木伸,442.0,4.0,ダ,1000,３歳未勝利,260627,1函1,2,12.0
2026.6.27,函2,8,カレンココナ,,牝,55.0,斎藤,栗東小林,436.0,4.0,ダ,1000,３歳未勝利,260627,1函1,2,12.0
2026.6.27,函2,9,チュラヴェール,,牝,55.0,丹内,美浦松山,444.0,-4.0,ダ,1000,３歳未勝利,260627,1函1,2,12.0
2026.6.27,函2,10,マリブサーフ,,牝,54.0,☆舟山,栗東牧浦,444.0,12.0,ダ,1000,３歳未勝利,260627,1函1,2,12.0
2026.6.27,函2,11,アドバンスジェンヌ,,牝,55.0,佐々木,美浦小手川,470.0,-4.0,ダ,1000,３歳未勝利,260627,1函1,2,12.0
2026.6.27,函2,12,セラサイト,,牝,51.0,★河原田,栗東茶木,494.0,4.0,ダ,1000,３歳未勝利,260627,1函1,2,12.0
2026.6.27,函3,1,キセログラフィカ,,牡,57.0,横山武,美浦大和田,502.0,0.0,ダ,1700,３歳未勝利,260627,1函1,3,12.0
2026.6.27,函3,2,サクセスブルー,,牡,57.0,佐々木,美浦秋本,434.0,4.0,ダ,1700,３歳未勝利,260627,1函1,3,12.0
2026.6.27,函3,3,ハイランダー,,牡,57.0,吉田隼,美浦大竹,470.0,-2.0,ダ,1700,３歳未勝利,260627,1函1,3,12.0
2026.6.27,函3,4,ホウオウファラオ,,牡,57.0,岩田康,美浦奥村武,476.0,0.0,ダ,1700,３歳未勝利,260627,1函1,3,12.0
2026.6.27,函3,5,トーレス,,牡,57.0,古川吉,栗東秋山,464.0,4.0,ダ,1700,３歳未勝利,260627,1函1,3,12.0
2026.6.27,函3,6,エコロアビス,,牝,54.0,☆舟山,栗東牧浦,470.0,-4.0,ダ,1700,３歳未勝利,260627,1函1,3,12.0
2026.6.27,函3,7,ミスチヴマリアンヌ,,牝,52.0,▲大久保,美浦小野,440.0,0.0,ダ,1700,３歳未勝利,260627,1函1,3,12.0
2026.6.27,函3,8,ルージュアイラ,,牝,53.0,△鷲頭,栗東池江,408.0,4.0,ダ,1700,３歳未勝利,260627,1函1,3,12.0
2026.6.27,函3,9,コイオステソーロ,,牡,57.0,丹内,美浦高木,530.0,0.0,ダ,1700,３歳未勝利,260627,1函1,3,12.0
2026.6.27,函3,10,チリンドリ,,牡,57.0,松本,栗東昆,502.0,-4.0,ダ,1700,３歳未勝利,260627,1函1,3,12.0
2026.6.27,函3,11,ホウオウバトラー,,牡,56.0,☆長浜,美浦尾形,530.0,4.0,ダ,1700,３歳未勝利,260627,1函1,3,12.0
2026.6.27,函3,12,シンエンドーツダ,,牡,57.0,原田和,美浦萱野,462.0,-6.0,ダ,1700,３歳未勝利,260627,1函1,3,12.0
2026.6.27,函4,1,インフィオラータ,,牝,55.0,浜中,栗東須貝,444.0,0.0,芝,1800,３歳未勝利,260627,1函1,4,16.0
2026.6.27,函4,2,ララニューディー,,牡,57.0,横山琉,美浦大竹,510.0,0.0,芝,1800,３歳未勝利,260627,1函1,4,16.0
2026.6.27,函4,3,オケアノステソーロ,,牡,57.0,大野,美浦田中剛,464.0,0.0,芝,1800,３歳未勝利,260627,1函1,4,16.0
2026.6.27,函4,4,エグジスタンス,,牡,57.0,佐々木,栗東奥村豊,488.0,2.0,芝,1800,３歳未勝利,260627,1函1,4,16.0
2026.6.27,函4,5,クールフィデル,,牡,57.0,横山和,美浦和田勇,476.0,-6.0,芝,1800,３歳未勝利,260627,1函1,4,16.0
2026.6.27,函4,6,ヘイマー,,牡,56.0,☆長浜,美浦伊藤伸,512.0,5.0,芝,1800,３歳未勝利,260627,1函1,4,16.0
2026.6.27,函4,7,ゲフィオン,,牝,55.0,北村友,栗東辻野,448.0,6.0,芝,1800,３歳未勝利,260627,1函1,4,16.0
2026.6.27,函4,8,マンサニージャ,,牝,55.0,横山武,美浦菊川,436.0,2.0,芝,1800,３歳未勝利,260627,1函1,4,16.0
2026.6.27,函4,9,ラウターユーベル,,牡,57.0,小沢,美浦青木,514.0,-6.0,芝,1800,３歳未勝利,260627,1函1,4,16.0
2026.6.27,函4,10,アルケミラモリス,,牝,52.0,▲大久保,美浦粕谷,462.0,0.0,芝,1800,３歳未勝利,260627,1函1,4,16.0
2026.6.27,函4,11,エアヴァイブス,,牝,55.0,武豊,栗東福永,432.0,6.0,芝,1800,３歳未勝利,260627,1函1,4,16.0
2026.6.27,函4,12,ウインラファーガ,,牡,57.0,丹内,美浦村田,454.0,8.0,芝,1800,３歳未勝利,260627,1函1,4,16.0
2026.6.27,函4,13,ケナゲ,,牝,51.0,★河原田,美浦和田雄,442.0,0.0,芝,1800,３歳未勝利,260627,1函1,4,16.0
2026.6.27,函4,14,アイムイン,,牡,57.0,岩田望,美浦加藤征,420.0,-2.0,芝,1800,３歳未勝利,260627,1函1,4,16.0
2026.6.27,函4,15,ラップトップ,,牝,54.0,☆舟山,栗東小栗,402.0,0.0,芝,1800,３歳未勝利,260627,1函1,4,16.0
2026.6.27,函4,16,ダンツアラーム,,牝,52.0,▲遠藤,栗東本田,430.0,-2.0,芝,1800,３歳未勝利,260627,1函1,4,16.0
2026.6.27,函5,1,ステラトップガン,,牡,55.0,鮫島駿,栗東高柳大,442.0,0.0,芝,1200,２歳新馬,260627,1函1,5,8.0
2026.6.27,函5,2,ミハテヌユメ,,牝,55.0,斎藤,栗東前川,414.0,0.0,芝,1200,２歳新馬,260627,1函1,5,8.0
2026.6.27,函5,3,ライーリーアース,,牝,55.0,原田和,美浦蛯名利,422.0,0.0,芝,1200,２歳新馬,260627,1函1,5,8.0
2026.6.27,函5,4,サウンドエフォート,,牡,55.0,吉田隼,栗東安達,486.0,0.0,芝,1200,２歳新馬,260627,1函1,5,8.0
2026.6.27,函5,5,アゴルディーノ,,牡,55.0,横山和,美浦田村,428.0,0.0,芝,1200,２歳新馬,260627,1函1,5,8.0
2026.6.27,函5,6,ルギッドドランジュ,,牝,55.0,岩田望,美浦秋本,426.0,0.0,芝,1200,２歳新馬,260627,1函1,5,8.0
2026.6.27,函5,7,ヌーンベルク,,牝,55.0,横山武,美浦武井,432.0,0.0,芝,1200,２歳新馬,260627,1函1,5,8.0
2026.6.27,函5,8,マナベラ,,牝,55.0,丹内,美浦岩戸,414.0,0.0,芝,1200,２歳新馬,260627,1函1,5,8.0
2026.6.27,函6,1,コサージュ,,牝,55.0,横山琉,栗東清水久,412.0,0.0,ダ,1700,３歳未勝利,260627,1函1,6,11.0
2026.6.27,函6,2,リアル,,牝,55.0,松本,栗東長谷川,422.0,14.0,ダ,1700,３歳未勝利,260627,1函1,6,11.0
2026.6.27,函6,3,エリカビアリッツ,,牝,55.0,佐々木,美浦堀,446.0,-4.0,ダ,1700,３歳未勝利,260627,1函1,6,11.0
2026.6.27,函6,4,サンエンジェルス,,牝,55.0,浜中,栗東谷,414.0,-4.0,ダ,1700,３歳未勝利,260627,1函1,6,11.0
2026.6.27,函6,5,プリンセスアツコ,,牝,55.0,鮫島駿,栗東河嶋,418.0,-2.0,ダ,1700,３歳未勝利,260627,1函1,6,11.0
2026.6.27,函6,6,コウソクユノ,,牝,55.0,横山武,美浦中舘,430.0,-2.0,ダ,1700,３歳未勝利,260627,1函1,6,11.0
2026.6.27,函6,7,コーリンクレア,,牝,55.0,横山和,美浦小野,452.0,6.0,ダ,1700,３歳未勝利,260627,1函1,6,11.0
2026.6.27,函6,8,ワンダーアスク,,牝,55.0,川又,栗東笹田,440.0,-2.0,ダ,1700,３歳未勝利,260627,1函1,6,11.0
2026.6.27,函6,9,プルーフリーディン,,牝,55.0,斎藤,栗東小林,490.0,-10.0,ダ,1700,３歳未勝利,260627,1函1,6,11.0
2026.6.27,函6,10,ドンレミラピュセル,,牝,52.0,▲和田陽,栗東藤原,430.0,2.0,ダ,1700,３歳未勝利,260627,1函1,6,11.0
2026.6.27,函6,11,ファントムグレース,,牝,52.0,▲遠藤,栗東本田,478.0,2.0,ダ,1700,３歳未勝利,260627,1函1,6,11.0
2026.6.27,函7,1,ブランヴァンダイク,,牡,55.0,小沢,栗東辻野,428.0,-6.0,芝,2000,３歳以上１勝クラス,260627,1函1,7,11.0
2026.6.27,函7,2,コスモナエマ,,牝,52.0,☆長浜,美浦手塚久,480.0,-2.0,芝,2000,３歳以上１勝クラス,260627,1函1,7,11.0
2026.6.27,函7,3,グランアルト,,牡,55.0,斎藤,美浦斎藤誠,512.0,8.0,芝,2000,３歳以上１勝クラス,260627,1函1,7,11.0
2026.6.27,函7,4,メイショウテンク,,牡,55.0,吉田隼,栗東荒川,448.0,-2.0,芝,2000,３歳以上１勝クラス,260627,1函1,7,11.0
2026.6.27,函7,5,ディーリライズ,,牡,55.0,浜中,栗東緒方,484.0,2.0,芝,2000,３歳以上１勝クラス,260627,1函1,7,11.0
2026.6.27,函7,6,マカナアネラ,,牡,55.0,松本,栗東角田,458.0,6.0,芝,2000,３歳以上１勝クラス,260627,1函1,7,11.0
2026.6.27,函7,7,サウンドサンライズ,,牝,56.0,佐々木,栗東東田,418.0,0.0,芝,2000,３歳以上１勝クラス,260627,1函1,7,11.0
2026.6.27,函7,8,アイドクレース,,牝,50.0,▲小林美,美浦金成,418.0,0.0,芝,2000,３歳以上１勝クラス,260627,1函1,7,11.0
2026.6.27,函7,9,エオアリイ,,牡,57.0,☆舟山,美浦平岩,480.0,8.0,芝,2000,３歳以上１勝クラス,260627,1函1,7,11.0
2026.6.27,函7,10,ゴガツノアマノガワ,,牡,58.0,丹内,美浦清水英,458.0,-6.0,芝,2000,３歳以上１勝クラス,260627,1函1,7,11.0
2026.6.27,函7,11,ドウアドバンテージ,,牡,58.0,武豊,栗東四位,490.0,-4.0,芝,2000,３歳以上１勝クラス,260627,1函1,7,11.0
2026.6.27,函8,1,マメタンク,,牡,55.0,斎藤,栗東東田,444.0,2.0,ダ,1000,３歳以上１勝クラス,260627,1函1,8,11.0
2026.6.27,函8,2,フレンズプラス,,牝,53.0,丹内,栗東宮本,406.0,2.0,ダ,1000,３歳以上１勝クラス,260627,1函1,8,11.0
2026.6.27,函8,3,サツキレジーナ,,牝,56.0,古川吉,美浦石栗,438.0,12.0,ダ,1000,３歳以上１勝クラス,260627,1函1,8,11.0
2026.6.27,函8,4,ミサビスケッツ,,牝,52.0,★河原田,美浦村田,452.0,2.0,ダ,1000,３歳以上１勝クラス,260627,1函1,8,11.0
2026.6.27,函8,5,ブラックトルネード,,牡,57.0,☆長浜,美浦佐藤吉,468.0,-4.0,ダ,1000,３歳以上１勝クラス,260627,1函1,8,11.0
2026.6.27,函8,6,スパークルジョイ,,牝,55.0,☆舟山,栗東前川,460.0,-2.0,ダ,1000,３歳以上１勝クラス,260627,1函1,8,11.0
2026.6.27,函8,7,カッタッパ,,牡,55.0,松本,栗東森秀,480.0,4.0,ダ,1000,３歳以上１勝クラス,260627,1函1,8,11.0
2026.6.27,函8,8,セイルロケット,,牡,58.0,小沢,栗東橋口,470.0,-10.0,ダ,1000,３歳以上１勝クラス,260627,1函1,8,11.0
2026.6.27,函8,9,ジュウオウ,,牡,58.0,池添,栗東秋山,548.0,2.0,ダ,1000,３歳以上１勝クラス,260627,1函1,8,11.0
2026.6.27,函8,10,マジェステラ,,牝,53.0,佐々木,美浦千葉,480.0,-2.0,ダ,1000,３歳以上１勝クラス,260627,1函1,8,11.0
2026.6.27,函8,11,テーオーナタリー,,牝,53.0,鮫島駿,栗東梅田,428.0,4.0,ダ,1000,３歳以上１勝クラス,260627,1函1,8,11.0
2026.6.27,函9,1,クワイエットアイ,,牡,55.0,松本,栗東中竹,456.0,2.0,芝,1200,長万部特別(1勝クラス),260627,1函1,9,9.0
2026.6.27,函9,2,ブライアーヒル,,牝,56.0,横山琉,栗東中尾,484.0,-2.0,芝,1200,長万部特別(1勝クラス),260627,1函1,9,9.0
2026.6.27,函9,3,ナオミライトニング,,牝,53.0,北村友,栗東畑端,454.0,-2.0,芝,1200,長万部特別(1勝クラス),260627,1函1,9,9.0
2026.6.27,函9,4,ララバニュルス,,牡,58.0,横山和,美浦大竹,546.0,8.0,芝,1200,長万部特別(1勝クラス),260627,1函1,9,9.0
2026.6.27,函9,5,トップオンザヒル,,セ,58.0,小沢,栗東岡田,468.0,0.0,芝,1200,長万部特別(1勝クラス),260627,1函1,9,9.0
2026.6.27,函9,6,ファニーバニー,,牝,53.0,鮫島駿,栗東杉山佳,432.0,-6.0,芝,1200,長万部特別(1勝クラス),260627,1函1,9,9.0
2026.6.27,函9,7,ドリーミングアップ,,牡,58.0,横山武,美浦高橋文,462.0,0.0,芝,1200,長万部特別(1勝クラス),260627,1函1,9,9.0
2026.6.27,函9,8,シュークリーム,,牝,56.0,岩田望,栗東西村,438.0,2.0,芝,1200,長万部特別(1勝クラス),260627,1函1,9,9.0
2026.6.27,函9,9,ナンナンプー,,牝,56.0,岩田康,美浦水野,460.0,-4.0,芝,1200,長万部特別(1勝クラス),260627,1函1,9,9.0
2026.6.27,函10,1,ハートメテオ,,牝,56.0,岩田望,栗東笹田,450.0,-2.0,芝,2000,洞爺湖特別(2勝クラス),260627,1函1,10,11.0
2026.6.27,函10,2,ラブリーリディア,,牝,56.0,小沢,栗東中内田,456.0,2.0,芝,2000,洞爺湖特別(2勝クラス),260627,1函1,10,11.0
2026.6.27,函10,3,ヨヒーン,,牝,56.0,鮫島駿,栗東杉山晴,472.0,10.0,芝,2000,洞爺湖特別(2勝クラス),260627,1函1,10,11.0
2026.6.27,函10,4,ウィルサヴァイブ,,牝,56.0,横山武,栗東須貝,444.0,-4.0,芝,2000,洞爺湖特別(2勝クラス),260627,1函1,10,11.0
2026.6.27,函10,5,リッチブラック,,牡,58.0,斎藤,栗東西村,470.0,6.0,芝,2000,洞爺湖特別(2勝クラス),260627,1函1,10,11.0
2026.6.27,函10,6,ロードマンハイム,,セ,58.0,岩田康,栗東友道,516.0,2.0,芝,2000,洞爺湖特別(2勝クラス),260627,1函1,10,11.0
2026.6.27,函10,7,レイヤードレッド,,牡,58.0,長浜,美浦手塚久,490.0,6.0,芝,2000,洞爺湖特別(2勝クラス),260627,1函1,10,11.0
2026.6.27,函10,8,バルティカ,,牡,58.0,北村友,栗東高橋亮,462.0,12.0,芝,2000,洞爺湖特別(2勝クラス),260627,1函1,10,11.0
2026.6.27,函10,9,ウインアクトゥール,,牡,58.0,丹内,美浦栗田,444.0,0.0,芝,2000,洞爺湖特別(2勝クラス),260627,1函1,10,11.0
2026.6.27,函10,10,アメジストブラック,,牡,58.0,舟山,栗東小椋,530.0,2.0,芝,2000,洞爺湖特別(2勝クラス),260627,1函1,10,11.0
2026.6.27,函10,11,ドッビアーコ,,セ,58.0,古川吉,栗東奥村豊,564.0,10.0,芝,2000,洞爺湖特別(2勝クラス),260627,1函1,10,11.0
2026.6.27,函11,1,ダンツエラン,,牝,53.0,古川吉,栗東本田,504.0,12.0,芝,1200,青函ステークス(OP),260627,1函1,11,14.0
2026.6.27,函11,2,ブラックチャリス,,牝,53.0,吉田隼,栗東武幸,460.0,2.0,芝,1200,青函ステークス(OP),260627,1函1,11,14.0
2026.6.27,函11,3,ジョーメッドヴィン,,牡,57.0,横山琉,栗東清水久,522.0,0.0,芝,1200,青函ステークス(OP),260627,1函1,11,14.0
2026.6.27,函11,4,ステークホルダー,,牡,54.0,斎藤,美浦斎藤誠,474.0,4.0,芝,1200,青函ステークス(OP),260627,1函1,11,14.0
2026.6.27,函11,5,ティニア,,牡,56.0,佐々木,栗東池江,506.0,-2.0,芝,1200,青函ステークス(OP),260627,1函1,11,14.0
2026.6.27,函11,6,クファシル,,牡,55.0,北村友,栗東池添,498.0,-6.0,芝,1200,青函ステークス(OP),260627,1函1,11,14.0
2026.6.27,函11,7,マイネルレノン,,牡,55.0,丹内,栗東宮,488.0,0.0,芝,1200,青函ステークス(OP),260627,1函1,11,14.0
2026.6.27,函11,8,サウザンサニー,,牡,55.0,大野,美浦岩戸,520.0,0.0,芝,1200,青函ステークス(OP),260627,1函1,11,14.0
2026.6.27,函11,9,モリノドリーム,,牝,54.0,武豊,美浦鈴木伸,490.0,8.0,芝,1200,青函ステークス(OP),260627,1函1,11,14.0
2026.6.27,函11,10,ナムラローズマリー,,牝,53.0,松本,栗東羽月,470.0,2.0,芝,1200,青函ステークス(OP),260627,1函1,11,14.0
2026.6.27,函11,11,ナムラクララ,,牝,54.0,浜中,栗東長谷川,472.0,-2.0,芝,1200,青函ステークス(OP),260627,1函1,11,14.0
2026.6.27,函11,12,アメリカンステージ,,牡,57.5,岩田望,栗東矢作,508.0,-16.0,芝,1200,青函ステークス(OP),260627,1函1,11,14.0
2026.6.27,函11,13,ロードフォアエース,,牡,57.5,岩田康,栗東友道,556.0,6.0,芝,1200,青函ステークス(OP),260627,1函1,11,14.0
2026.6.27,函11,14,ルージュラナキラ,,牝,54.0,横山武,美浦加藤征,462.0,6.0,芝,1200,青函ステークス(OP),260627,1函1,11,14.0
2026.6.27,函12,1,マーベリックシチー,,牡,58.0,鮫島駿,栗東岡田,468.0,0.0,ダ,1700,３歳以上１勝クラス,260627,1函1,12,10.0
2026.6.27,函12,2,テイエムゴッホ,,牡,54.0,☆舟山,栗東浜田,524.0,2.0,ダ,1700,３歳以上１勝クラス,260627,1函1,12,10.0
2026.6.27,函12,3,ビナハイバン,,牡,55.0,横山琉,栗東中尾,470.0,4.0,ダ,1700,３歳以上１勝クラス,260627,1函1,12,10.0
2026.6.27,函12,4,ストロングボーイ,,牡,55.0,荻野琢,栗東野中,522.0,0.0,ダ,1700,３歳以上１勝クラス,260627,1函1,12,10.0
2026.6.27,函12,5,グレイスフルマーチ,,牡,58.0,斎藤,栗東中村,468.0,0.0,ダ,1700,３歳以上１勝クラス,260627,1函1,12,10.0
2026.6.27,函12,6,アイファーシャドー,,牡,58.0,佐々木,美浦蛯名利,436.0,2.0,ダ,1700,３歳以上１勝クラス,260627,1函1,12,10.0
2026.6.27,函12,7,パシーヴ,,牡,57.0,☆長浜,美浦上原博,484.0,2.0,ダ,1700,３歳以上１勝クラス,260627,1函1,12,10.0
2026.6.27,函12,8,ベイビールビオ,,牡,58.0,古川吉,美浦石栗,516.0,6.0,ダ,1700,３歳以上１勝クラス,260627,1函1,12,10.0
2026.6.27,函12,9,フロウアンドライム,,牡,55.0,▲小林美,美浦大和田,454.0,0.0,ダ,1700,３歳以上１勝クラス,260627,1函1,12,10.0
2026.6.27,函12,10,メイショウソラリス,,牡,55.0,武豊,栗東角田,464.0,4.0,ダ,1700,３歳以上１勝クラス,260627,1函1,12,10.0
2026.6.28,福1,1,フレイムジョーカー,,牡,60.0,中村,美浦岩戸,,,障,2750,３歳以上障害未勝利,260628,1福1,1,14.0
2026.6.28,福1,2,アウスヴァール,,セ,60.0,森一,栗東昆,,,障,2750,３歳以上障害未勝利,260628,1福1,1,14.0
2026.6.28,福1,3,シュハリ,,牡,60.0,江田勇亮,美浦粕谷,,,障,2750,３歳以上障害未勝利,260628,1福1,1,14.0
2026.6.28,福1,4,ポワンキュルミナン,,牡,60.0,小牧加,栗東岡田,,,障,2750,３歳以上障害未勝利,260628,1福1,1,14.0
2026.6.28,福1,5,ブランフォルテ,,牡,57.0,▲水沼,美浦辻,,,障,2750,３歳以上障害未勝利,260628,1福1,1,14.0
2026.6.28,福1,6,グロッシェン,,牡,60.0,難波,美浦手塚徳,,,障,2750,３歳以上障害未勝利,260628,1福1,1,14.0
2026.6.28,福1,7,ラパンラピッド,,セ,57.0,▲坂口,美浦武井,,,障,2750,３歳以上障害未勝利,260628,1福1,1,14.0
2026.6.28,福1,8,ヴォンヌヴォー,,牝,58.0,黒岩,美浦天間,,,障,2750,３歳以上障害未勝利,260628,1福1,1,14.0
2026.6.28,福1,9,トーアマリシテン,,セ,60.0,五十嵐,美浦小島,,,障,2750,３歳以上障害未勝利,260628,1福1,1,14.0
2026.6.28,福1,10,ブライトライツ,,セ,60.0,草野,美浦秋本,,,障,2750,３歳以上障害未勝利,260628,1福1,1,14.0
2026.6.28,福1,11,モズクルードラゴン,,牡,57.0,▲小林凌,美浦天間,,,障,2750,３歳以上障害未勝利,260628,1福1,1,14.0
2026.6.28,福1,12,ニシノインヴィクタ,,牡,60.0,伴,美浦本間,,,障,2750,３歳以上障害未勝利,260628,1福1,1,14.0
2026.6.28,福1,13,ロワゾブルー,,牝,57.0,▲土田,美浦小島,,,障,2750,３歳以上障害未勝利,260628,1福1,1,14.0
2026.6.28,福1,14,サマーアゲイン,,牡,60.0,高田,栗東渡辺,,,障,2750,３歳以上障害未勝利,260628,1福1,1,14.0
2026.6.28,福2,1,ゴールドフリーダム,,セ,57.0,菊沢,美浦青木,,,ダ,1700,３歳未勝利,260628,1福1,2,15.0
2026.6.28,福2,2,カラクリスピリッツ,,牝,55.0,小林脩,美浦斎藤誠,,,ダ,1700,３歳未勝利,260628,1福1,2,15.0
2026.6.28,福2,3,カミノテイオー,,牡,57.0,木幡巧,美浦奥平,,,ダ,1700,３歳未勝利,260628,1福1,2,15.0
2026.6.28,福2,4,オセアフェアモント,,牡,57.0,野中,美浦菊川,,,ダ,1700,３歳未勝利,260628,1福1,2,15.0
2026.6.28,福2,5,イトシサ,,牡,57.0,三浦,美浦田中博,,,ダ,1700,３歳未勝利,260628,1福1,2,15.0
2026.6.28,福2,6,プロミスライン,,牝,52.0,▲石神道,美浦森一,,,ダ,1700,３歳未勝利,260628,1福1,2,15.0
2026.6.28,福2,7,チェイサー,,牡,54.0,▲佐藤,美浦相沢,,,ダ,1700,３歳未勝利,260628,1福1,2,15.0
2026.6.28,福2,8,サイモングリーマン,,牡,57.0,木幡育,美浦的場,,,ダ,1700,３歳未勝利,260628,1福1,2,15.0
2026.6.28,福2,9,ロジキセキ,,牡,57.0,田口,美浦新開,,,ダ,1700,３歳未勝利,260628,1福1,2,15.0
2026.6.28,福2,10,アシタバスピリッツ,,牝,52.0,▲水沼,美浦西田,,,ダ,1700,３歳未勝利,260628,1福1,2,15.0
2026.6.28,福2,11,ゴーントゥファー,,セ,57.0,荻野極,美浦小島,,,ダ,1700,３歳未勝利,260628,1福1,2,15.0
2026.6.28,福2,12,ウインビギニング,,牡,57.0,松山,美浦上原博,,,ダ,1700,３歳未勝利,260628,1福1,2,15.0
2026.6.28,福2,13,カシマライフウ,,牡,57.0,松岡,美浦伊藤伸,,,ダ,1700,３歳未勝利,260628,1福1,2,15.0
2026.6.28,福2,14,ロココ,,牝,52.0,▲上里,美浦加藤和,,,ダ,1700,３歳未勝利,260628,1福1,2,15.0
2026.6.28,福2,15,テンカラットレター,,牡,57.0,木幡初,美浦本間,,,ダ,1700,３歳未勝利,260628,1福1,2,15.0
2026.6.28,福3,1,ドルチェテソーロ,,牝,55.0,木幡巧,美浦牧,,,芝,1200,２歳未勝利,260628,1福1,3,5.0
2026.6.28,福3,2,アイファーラピッド,,牝,55.0,団野,栗東森秀,,,芝,1200,２歳未勝利,260628,1福1,3,5.0
2026.6.28,福3,3,ベアアミーチ,,牝,52.0,▲上里,美浦杉浦,,,芝,1200,２歳未勝利,260628,1福1,3,5.0
2026.6.28,福3,4,ユイノヘラクレス,,牡,55.0,木幡初,美浦深山,,,芝,1200,２歳未勝利,260628,1福1,3,5.0
2026.6.28,福3,5,オオセイケイ,,牝,55.0,横山武,美浦竹内,,,芝,1200,２歳未勝利,260628,1福1,3,5.0
2026.6.28,福4,1,マーズワース,,牝,52.0,▲佐藤,美浦小手川,,,芝,1200,２歳新馬,260628,1福1,4,14.0
2026.6.28,福4,2,ティアラスピリット,,牝,55.0,菊沢,美浦上原博,,,芝,1200,２歳新馬,260628,1福1,4,14.0
2026.6.28,福4,3,ノヴェルアレイア,,牝,55.0,石橋脩,美浦矢野,,,芝,1200,２歳新馬,260628,1福1,4,14.0
2026.6.28,福4,4,ドナビッグベン,,牝,55.0,荻野極,美浦秋本,,,芝,1200,２歳新馬,260628,1福1,4,14.0
2026.6.28,福4,5,ピリナカピリナ,,牝,55.0,武藤,美浦水野,,,芝,1200,２歳新馬,260628,1福1,4,14.0
2026.6.28,福4,6,プリンセスロッティ,,牝,55.0,戸崎圭,美浦伊藤圭,,,芝,1200,２歳新馬,260628,1福1,4,14.0
2026.6.28,福4,7,スペシャルサンクス,,牝,55.0,嶋田,美浦矢嶋,,,芝,1200,２歳新馬,260628,1福1,4,14.0
2026.6.28,福4,8,ジーティーマイカ,,牝,55.0,松山,栗東前川,,,芝,1200,２歳新馬,260628,1福1,4,14.0
2026.6.28,福4,9,サリードゥ,,牝,55.0,津村,美浦鈴木伸,,,芝,1200,２歳新馬,260628,1福1,4,14.0
2026.6.28,福4,10,リケアチャチャチャ,,牝,52.0,▲石田,美浦上原博,,,芝,1200,２歳新馬,260628,1福1,4,14.0
2026.6.28,福4,11,マリノシークレット,,牝,52.0,▲上里,美浦武市,,,芝,1200,２歳新馬,260628,1福1,4,14.0
2026.6.28,福4,12,ミッドナイトドア,,牝,55.0,柴田大,美浦伊藤大,,,芝,1200,２歳新馬,260628,1福1,4,14.0
2026.6.28,福4,13,ウインリスノアール,,牝,52.0,▲石神道,美浦和田郎,,,芝,1200,２歳新馬,260628,1福1,4,14.0
2026.6.28,福4,14,ヤマニンアルセド,,牝,55.0,横山武,栗東長谷川,,,芝,1200,２歳新馬,260628,1福1,4,14.0
2026.6.28,福5,1,ウィナーズチェック,,牝,55.0,ゴンサルベ,美浦和田勇,,,芝,1800,２歳新馬,260628,1福1,5,14.0
2026.6.28,福5,2,マルガリート,,牝,55.0,江田照,美浦佐藤吉,,,芝,1800,２歳新馬,260628,1福1,5,14.0
2026.6.28,福5,3,ラッキースパークル,,牡,55.0,戸崎圭,栗東松永幹,,,芝,1800,２歳新馬,260628,1福1,5,14.0
2026.6.28,福5,4,ビップヴィーナス,,牝,55.0,丸山,美浦田島,,,芝,1800,２歳新馬,260628,1福1,5,14.0
2026.6.28,福5,5,アルアンダルス,,牝,55.0,Ｍデムーロ,美浦小野,,,芝,1800,２歳新馬,260628,1福1,5,14.0
2026.6.28,福5,6,プリメラエストレラ,,牡,55.0,三浦,栗東橋田,,,芝,1800,２歳新馬,260628,1福1,5,14.0
2026.6.28,福5,7,センターアイランド,,牡,55.0,横山武,美浦嘉藤,,,芝,1800,２歳新馬,260628,1福1,5,14.0
2026.6.28,福5,8,レッジェランツァ,,牡,55.0,津村,美浦田中博,,,芝,1800,２歳新馬,260628,1福1,5,14.0
2026.6.28,福5,9,マーゴットパラディ,,牡,55.0,荻野極,美浦伊坂,,,芝,1800,２歳新馬,260628,1福1,5,14.0
2026.6.28,福5,10,モンドドゥアムール,,牝,55.0,松山,栗東高橋康,,,芝,1800,２歳新馬,260628,1福1,5,14.0
2026.6.28,福5,11,トリプティーク,,牝,55.0,柴田大,美浦和田雄,,,芝,1800,２歳新馬,260628,1福1,5,14.0
2026.6.28,福5,12,アルデアーク,,牡,55.0,横山典,美浦村田,,,芝,1800,２歳新馬,260628,1福1,5,14.0
2026.6.28,福5,13,ウインワーグナー,,牡,55.0,菊沢,美浦武市,,,芝,1800,２歳新馬,260628,1福1,5,14.0
2026.6.28,福5,14,カペラテソーロ,,牡,55.0,木幡巧,美浦牧,,,芝,1800,２歳新馬,260628,1福1,5,14.0
2026.6.28,福6,1,オレンジリバー,,牝,55.0,菊沢,美浦黒岩,,,ダ,1150,３歳未勝利,260628,1福1,6,16.0
2026.6.28,福6,2,リアアーテシアン,,牝,55.0,高杉,美浦武井,,,ダ,1150,３歳未勝利,260628,1福1,6,16.0
2026.6.28,福6,3,ペイシャラム,,牝,52.0,▲石田,美浦菊川,,,ダ,1150,３歳未勝利,260628,1福1,6,16.0
2026.6.28,福6,4,スカット,,牝,52.0,▲佐藤,美浦堀内,,,ダ,1150,３歳未勝利,260628,1福1,6,16.0
2026.6.28,福6,5,リバージュエル,,牝,55.0,石橋脩,美浦高柳瑞,,,ダ,1150,３歳未勝利,260628,1福1,6,16.0
2026.6.28,福6,6,サトノワーグナー,,牡,57.0,戸崎圭,美浦斎藤誠,,,ダ,1150,３歳未勝利,260628,1福1,6,16.0
2026.6.28,福6,7,イイクニパッション,,牡,54.0,▲石神道,美浦深山,,,ダ,1150,３歳未勝利,260628,1福1,6,16.0
2026.6.28,福6,8,ハクサンスオーノ,,牡,54.0,▲上里,美浦加藤士,,,ダ,1150,３歳未勝利,260628,1福1,6,16.0
2026.6.28,福6,9,モリガン,,牝,52.0,▲水沼,美浦柄崎,,,ダ,1150,３歳未勝利,260628,1福1,6,16.0
2026.6.28,福6,10,ハクサンレイホウ,,牡,57.0,小林脩,美浦武藤,,,ダ,1150,３歳未勝利,260628,1福1,6,16.0
2026.6.28,福6,11,ミラビリオン,,牡,57.0,松山,美浦伊坂,,,ダ,1150,３歳未勝利,260628,1福1,6,16.0
2026.6.28,福6,12,ロジシーザ,,牡,57.0,松岡,美浦古賀慎,,,ダ,1150,３歳未勝利,260628,1福1,6,16.0
2026.6.28,福6,13,カーニバルウェイ,,牝,55.0,柴田大,美浦清水英,,,ダ,1150,３歳未勝利,260628,1福1,6,16.0
2026.6.28,福6,14,ハミングディスト,,牝,55.0,小崎,美浦嘉藤,,,ダ,1150,３歳未勝利,260628,1福1,6,16.0
2026.6.28,福6,15,アリアーネ,,牝,55.0,菅原隆,美浦鈴木慎,,,ダ,1150,３歳未勝利,260628,1福1,6,16.0
2026.6.28,福6,16,オレンジキャンパス,,牝,55.0,武藤,美浦武藤,,,ダ,1150,３歳未勝利,260628,1福1,6,16.0
2026.6.28,福7,1,ニチヤヲツイデ,,牝,55.0,野中,美浦高橋文,,,芝,1200,３歳未勝利,260628,1福1,7,16.0
2026.6.28,福7,2,オドラタス,,牝,55.0,田口,美浦林,,,芝,1200,３歳未勝利,260628,1福1,7,16.0
2026.6.28,福7,3,ウインディナナコ,,牝,52.0,▲佐藤,美浦勢司,,,芝,1200,３歳未勝利,260628,1福1,7,16.0
2026.6.28,福7,4,ニットウエース,,牡,57.0,武藤,美浦稲垣,,,芝,1200,３歳未勝利,260628,1福1,7,16.0
2026.6.28,福7,5,ノーブルラホーヤ,,牝,52.0,▲石田,美浦深山,,,芝,1200,３歳未勝利,260628,1福1,7,16.0
2026.6.28,福7,6,スーホ,,牡,57.0,荻野極,美浦上原佑,,,芝,1200,３歳未勝利,260628,1福1,7,16.0
2026.6.28,福7,7,キッショウダラニ,,牡,57.0,木幡巧,美浦牧,,,芝,1200,３歳未勝利,260628,1福1,7,16.0
2026.6.28,福7,8,ミサトレジーナ,,牝,55.0,菅原隆,美浦天間,,,芝,1200,３歳未勝利,260628,1福1,7,16.0
2026.6.28,福7,9,スコアレジーナ,,牝,55.0,高杉,美浦矢野,,,芝,1200,３歳未勝利,260628,1福1,7,16.0
2026.6.28,福7,10,ベンテンカグラ,,牝,55.0,菊沢,美浦勢司,,,芝,1200,３歳未勝利,260628,1福1,7,16.0
2026.6.28,福7,11,ホットジュピター,,牝,55.0,丸田,美浦千葉,,,芝,1200,３歳未勝利,260628,1福1,7,16.0
2026.6.28,福7,12,ザウシャルト,,セ,57.0,小林脩,美浦小野,,,芝,1200,３歳未勝利,260628,1福1,7,16.0
2026.6.28,福7,13,カゼノハゴロモ,,牝,55.0,木幡育,美浦的場,,,芝,1200,３歳未勝利,260628,1福1,7,16.0
2026.6.28,福7,14,アイアンパイク,,牝,55.0,横山典,美浦村田,,,芝,1200,３歳未勝利,260628,1福1,7,16.0
2026.6.28,福7,15,マイネルヴェーゼン,,牡,57.0,石川,美浦相沢,,,芝,1200,３歳未勝利,260628,1福1,7,16.0
2026.6.28,福7,16,アンパシオンス,,牝,52.0,▲水沼,美浦田島,,,芝,1200,３歳未勝利,260628,1福1,7,16.0
2026.6.28,福8,1,ゲンジ,,牡,58.0,田辺,美浦尾形,,,芝,2600,３歳以上１勝クラス,260628,1福1,8,13.0
2026.6.28,福8,2,エクセルクラウン,,牡,54.0,菊沢,美浦菊沢,,,芝,2600,３歳以上１勝クラス,260628,1福1,8,13.0
2026.6.28,福8,3,ヤマニンヘルシェ,,牡,54.0,石川,美浦辻,,,芝,2600,３歳以上１勝クラス,260628,1福1,8,13.0
2026.6.28,福8,4,リリエンフェルト,,牝,53.0,▲石田,美浦上原博,,,芝,2600,３歳以上１勝クラス,260628,1福1,8,13.0
2026.6.28,福8,5,ニホンピロロジャー,,牡,54.0,田口,栗東緒方,,,芝,2600,３歳以上１勝クラス,260628,1福1,8,13.0
2026.6.28,福8,6,テイキットイージー,,牡,58.0,木幡巧,美浦萱野,,,芝,2600,３歳以上１勝クラス,260628,1福1,8,13.0
2026.6.28,福8,7,ストレートブラック,,牝,56.0,松岡,美浦奥平,,,芝,2600,３歳以上１勝クラス,260628,1福1,8,13.0
2026.6.28,福8,8,キロノヴァ,,牡,58.0,北村宏,美浦大竹,,,芝,2600,３歳以上１勝クラス,260628,1福1,8,13.0
2026.6.28,福8,9,リュクスパトロール,,牝,52.0,ゴンサルベ,美浦加藤士,,,芝,2600,３歳以上１勝クラス,260628,1福1,8,13.0
2026.6.28,福8,10,エースフライト,,牡,54.0,戸崎圭,栗東池江,,,芝,2600,３歳以上１勝クラス,260628,1福1,8,13.0
2026.6.28,福8,11,オメガストリーム,,牝,56.0,丸田,美浦田中勝,,,芝,2600,３歳以上１勝クラス,260628,1福1,8,13.0
2026.6.28,福8,12,ジャスティンライズ,,セ,55.0,▲石神道,美浦大和田,,,芝,2600,３歳以上１勝クラス,260628,1福1,8,13.0
2026.6.28,福8,13,グランドフォレスト,,牡,55.0,▲上里,美浦室井,,,芝,2600,３歳以上１勝クラス,260628,1福1,8,13.0
2026.6.28,福9,1,アリスメティーク,,牝,56.0,荻野極,美浦大竹,,,芝,2000,松島特別(2勝クラス),260628,1福1,9,14.0
2026.6.28,福9,2,ウインルピナス,,牝,56.0,三浦,美浦鈴木伸,,,芝,2000,松島特別(2勝クラス),260628,1福1,9,14.0
2026.6.28,福9,3,ラビットアイ,,牝,56.0,田口,栗東鈴木孝,,,芝,2000,松島特別(2勝クラス),260628,1福1,9,14.0
2026.6.28,福9,4,レッセパッセ,,牝,56.0,菊沢,美浦柄崎,,,芝,2000,松島特別(2勝クラス),260628,1福1,9,14.0
2026.6.28,福9,5,エーデル,,牝,56.0,Ｍデムーロ,美浦金成,,,芝,2000,松島特別(2勝クラス),260628,1福1,9,14.0
2026.6.28,福9,6,ボウウィンドウ,,牝,56.0,戸崎圭,美浦武井,,,芝,2000,松島特別(2勝クラス),260628,1福1,9,14.0
2026.6.28,福9,7,コスモイシュタル,,牝,56.0,松岡,美浦深山,,,芝,2000,松島特別(2勝クラス),260628,1福1,9,14.0
2026.6.28,福9,8,オデット,,牝,56.0,石橋脩,栗東緒方,,,芝,2000,松島特別(2勝クラス),260628,1福1,9,14.0
2026.6.28,福9,9,エバーグルーヴ,,牝,56.0,高杉,栗東藤岡健,,,芝,2000,松島特別(2勝クラス),260628,1福1,9,14.0
2026.6.28,福9,10,ホウオウシンデレラ,,牝,56.0,丸田,美浦奥村武,,,芝,2000,松島特別(2勝クラス),260628,1福1,9,14.0
2026.6.28,福9,11,クロシェットノエル,,牝,56.0,武藤,美浦戸田,,,芝,2000,松島特別(2勝クラス),260628,1福1,9,14.0
2026.6.28,福9,12,ノビリシマビジョン,,牝,56.0,津村,美浦青木,,,芝,2000,松島特別(2勝クラス),260628,1福1,9,14.0
2026.6.28,福9,13,オルノア,,牝,56.0,小崎,栗東新谷,,,芝,2000,松島特別(2勝クラス),260628,1福1,9,14.0
2026.6.28,福9,14,レイピカケ,,牝,56.0,団野,栗東野中,,,芝,2000,松島特別(2勝クラス),260628,1福1,9,14.0
2026.6.28,福10,1,オリーブグリーン,,牡,58.0,松山,栗東矢作,,,ダ,1700,鶴ヶ城ステークス(3勝クラス),260628,1福1,10,11.0
2026.6.28,福10,2,メイショウフウドウ,,セ,58.0,三浦,栗東藤原,,,ダ,1700,鶴ヶ城ステークス(3勝クラス),260628,1福1,10,11.0
2026.6.28,福10,3,バギーウィップ,,牡,58.0,武藤,美浦大竹,,,ダ,1700,鶴ヶ城ステークス(3勝クラス),260628,1福1,10,11.0
2026.6.28,福10,4,エクリプスルバン,,セ,58.0,戸崎圭,美浦田中博,,,ダ,1700,鶴ヶ城ステークス(3勝クラス),260628,1福1,10,11.0
2026.6.28,福10,5,ヴァナルガンド,,牡,58.0,津村,美浦稲垣,,,ダ,1700,鶴ヶ城ステークス(3勝クラス),260628,1福1,10,11.0
2026.6.28,福10,6,タイセイミッション,,セ,58.0,菊沢,美浦伊藤圭,,,ダ,1700,鶴ヶ城ステークス(3勝クラス),260628,1福1,10,11.0
2026.6.28,福10,7,ラフエイジアン,,セ,58.0,ゴンサルベ,美浦中舘,,,ダ,1700,鶴ヶ城ステークス(3勝クラス),260628,1福1,10,11.0
2026.6.28,福10,8,アイウィル,,牡,58.0,田口,美浦高木,,,ダ,1700,鶴ヶ城ステークス(3勝クラス),260628,1福1,10,11.0
2026.6.28,福10,9,ドバイブルース,,牡,58.0,横山武,美浦加藤征,,,ダ,1700,鶴ヶ城ステークス(3勝クラス),260628,1福1,10,11.0
2026.6.28,福10,10,ゴールドアローン,,牝,56.0,石川,美浦青木,,,ダ,1700,鶴ヶ城ステークス(3勝クラス),260628,1福1,10,11.0
2026.6.28,福10,11,クロースコンバット,,牡,58.0,北村宏,美浦青木,,,ダ,1700,鶴ヶ城ステークス(3勝クラス),260628,1福1,10,11.0
2026.6.28,福11,1,ルージュボヤージュ,,牝,52.0,北村宏,美浦木村,,,芝,1800,ラジオＮＩＫＫＥＩ賞(G3),260628,1福1,11,16.0
2026.6.28,福11,2,クカイリモク,,牡,53.0,ゴンサルベ,美浦堀,,,芝,1800,ラジオＮＩＫＫＥＩ賞(G3),260628,1福1,11,16.0
2026.6.28,福11,3,ジーネキング,,牡,56.0,菊沢,美浦斎藤誠,,,芝,1800,ラジオＮＩＫＫＥＩ賞(G3),260628,1福1,11,16.0
2026.6.28,福11,4,サイモンシャリオ,,牡,52.0,田口,栗東梅田,,,芝,1800,ラジオＮＩＫＫＥＩ賞(G3),260628,1福1,11,16.0
2026.6.28,福11,5,リッツパーティー,,牡,54.0,横山武,美浦岩戸,,,芝,1800,ラジオＮＩＫＫＥＩ賞(G3),260628,1福1,11,16.0
2026.6.28,福11,6,コルテオソレイユ,,牡,54.0,荻野極,栗東佐藤悠,,,芝,1800,ラジオＮＩＫＫＥＩ賞(G3),260628,1福1,11,16.0
2026.6.28,福11,7,ショウナンガルフ,,牡,57.0,丸山,栗東須貝,,,芝,1800,ラジオＮＩＫＫＥＩ賞(G3),260628,1福1,11,16.0
2026.6.28,福11,8,ディールメーカー,,牡,56.0,高杉,美浦大和田,,,芝,1800,ラジオＮＩＫＫＥＩ賞(G3),260628,1福1,11,16.0
2026.6.28,福11,9,キンググローリー,,牡,54.0,石川,美浦古賀慎,,,芝,1800,ラジオＮＩＫＫＥＩ賞(G3),260628,1福1,11,16.0
2026.6.28,福11,10,ガリレア,,牡,54.0,石橋脩,美浦清水英,,,芝,1800,ラジオＮＩＫＫＥＩ賞(G3),260628,1福1,11,16.0
2026.6.28,福11,11,コロナドブリッジ,,牡,54.0,三浦,栗東庄野,,,芝,1800,ラジオＮＩＫＫＥＩ賞(G3),260628,1福1,11,16.0
2026.6.28,福11,12,ローベルクランツ,,牡,57.0,松山,栗東小林,,,芝,1800,ラジオＮＩＫＫＥＩ賞(G3),260628,1福1,11,16.0
2026.6.28,福11,13,サノノグレーター,,牡,56.0,田辺,美浦尾形,,,芝,1800,ラジオＮＩＫＫＥＩ賞(G3),260628,1福1,11,16.0
2026.6.28,福11,14,スカイスプレンダー,,牡,55.0,戸崎圭,栗東池江,,,芝,1800,ラジオＮＩＫＫＥＩ賞(G3),260628,1福1,11,16.0
2026.6.28,福11,15,バドリナート,,牡,57.0,津村,栗東松永幹,,,芝,1800,ラジオＮＩＫＫＥＩ賞(G3),260628,1福1,11,16.0
2026.6.28,福11,16,スペルーチェ,,牡,55.0,Ｍデムーロ,美浦宮田,,,芝,1800,ラジオＮＩＫＫＥＩ賞(G3),260628,1福1,11,16.0
2026.6.28,福12,1,ロイヤルスパイア,,牡,55.0,松山,美浦栗田,,,ダ,1150,３歳以上１勝クラス,260628,1福1,12,14.0
2026.6.28,福12,2,モズタンケ,,牡,55.0,菊沢,美浦栗田,,,ダ,1150,３歳以上１勝クラス,260628,1福1,12,14.0
2026.6.28,福12,3,マーシャルアン,,牡,52.0,▲上里,美浦大和田,,,ダ,1150,３歳以上１勝クラス,260628,1福1,12,14.0
2026.6.28,福12,4,ミルトハーバー,,牡,55.0,田辺,美浦鈴木慎,,,ダ,1150,３歳以上１勝クラス,260628,1福1,12,14.0
2026.6.28,福12,5,クアロアランチ,,牝,53.0,荻野極,美浦西田,,,ダ,1150,３歳以上１勝クラス,260628,1福1,12,14.0
2026.6.28,福12,6,カツノテンス,,牡,58.0,松岡,美浦伊藤伸,,,ダ,1150,３歳以上１勝クラス,260628,1福1,12,14.0
2026.6.28,福12,7,ソニックブレイカー,,牡,55.0,戸崎圭,美浦稲垣,,,ダ,1150,３歳以上１勝クラス,260628,1福1,12,14.0
2026.6.28,福12,8,スターランウェイ,,牝,56.0,小林脩,美浦斎藤誠,,,ダ,1150,３歳以上１勝クラス,260628,1福1,12,14.0
2026.6.28,福12,9,アルニラム,,セ,55.0,▲佐藤,美浦伊藤大,,,ダ,1150,３歳以上１勝クラス,260628,1福1,12,14.0
2026.6.28,福12,10,ゴルトレオパルト,,牡,58.0,野中,美浦的場,,,ダ,1150,３歳以上１勝クラス,260628,1福1,12,14.0
2026.6.28,福12,11,フクチャンヒメ,,牝,56.0,小崎,美浦加藤征,,,ダ,1150,３歳以上１勝クラス,260628,1福1,12,14.0
2026.6.28,福12,12,タッカーバレット,,牡,58.0,木幡巧,美浦田島,,,ダ,1150,３歳以上１勝クラス,260628,1福1,12,14.0
2026.6.28,福12,13,ブーケドリス,,牝,53.0,横山武,美浦宮田,,,ダ,1150,３歳以上１勝クラス,260628,1福1,12,14.0
2026.6.28,福12,14,ジャスフォール,,牡,55.0,石橋脩,美浦上原佑,,,ダ,1150,３歳以上１勝クラス,260628,1福1,12,14.0
2026.6.28,小1,1,ホーリーステップ,,牝,52.0,▲森田,栗東斉藤崇,,,芝,1200,３歳未勝利,260628,1小1,1,18.0
2026.6.28,小1,2,ハイソリア,,牝,55.0,太宰,栗東昆,,,芝,1200,３歳未勝利,260628,1小1,1,18.0
2026.6.28,小1,3,ランスオブラヴ,,牝,53.0,△柴田裕,栗東奥村豊,,,芝,1200,３歳未勝利,260628,1小1,1,18.0
2026.6.28,小1,4,ベルセクレト,,牝,53.0,△田山,栗東藤岡健,,,芝,1200,３歳未勝利,260628,1小1,1,18.0
2026.6.28,小1,5,ジョービスコッティ,,牝,55.0,吉村,栗東清水久,,,芝,1200,３歳未勝利,260628,1小1,1,18.0
2026.6.28,小1,6,キャッチミークライ,,牝,55.0,松若,栗東牧田,,,芝,1200,３歳未勝利,260628,1小1,1,18.0
2026.6.28,小1,7,ディオレガーロ,,牝,55.0,幸,栗東長谷川,,,芝,1200,３歳未勝利,260628,1小1,1,18.0
2026.6.28,小1,8,セレブトーチ,,牝,52.0,▲川端,栗東坂口,,,芝,1200,３歳未勝利,260628,1小1,1,18.0
2026.6.28,小1,9,アンガーザガール,,牝,55.0,西村淳,栗東東田,,,芝,1200,３歳未勝利,260628,1小1,1,18.0
2026.6.28,小1,10,サンシャインビーチ,,牝,55.0,高倉,栗東渡辺,,,芝,1200,３歳未勝利,260628,1小1,1,18.0
2026.6.28,小1,11,エンブルーシャ,,牝,55.0,富田,栗東武英,,,芝,1200,３歳未勝利,260628,1小1,1,18.0
2026.6.28,小1,12,ヴィーラー,,牝,55.0,菱田,栗東矢作,,,芝,1200,３歳未勝利,260628,1小1,1,18.0
2026.6.28,小1,13,メイショウピュルテ,,牝,55.0,西塚,栗東笹田,,,芝,1200,３歳未勝利,260628,1小1,1,18.0
2026.6.28,小1,14,ザムーン,,牝,55.0,酒井,栗東千田,,,芝,1200,３歳未勝利,260628,1小1,1,18.0
2026.6.28,小1,15,テイエムリチャード,,牝,55.0,川須,栗東鈴木孝,,,芝,1200,３歳未勝利,260628,1小1,1,18.0
2026.6.28,小1,16,リーガルスプレンダ,,牝,55.0,加藤,栗東庄野,,,芝,1200,３歳未勝利,260628,1小1,1,18.0
2026.6.28,小1,17,フルーツベイビー,,牝,55.0,国分優,栗東畑端,,,芝,1200,３歳未勝利,260628,1小1,1,18.0
2026.6.28,小1,18,チェラブ,,牝,55.0,藤懸,栗東平田,,,芝,1200,３歳未勝利,260628,1小1,1,18.0
2026.6.28,小2,1,ブランチアウト,,牡,57.0,太宰,栗東昆,,,芝,1800,３歳未勝利,260628,1小1,2,16.0
2026.6.28,小2,2,マサハヤルージュ,,牝,55.0,吉村,栗東千田,,,芝,1800,３歳未勝利,260628,1小1,2,16.0
2026.6.28,小2,3,エリカアズーラ,,牝,55.0,西塚,栗東友道,,,芝,1800,３歳未勝利,260628,1小1,2,16.0
2026.6.28,小2,4,リュネヴィル,,牝,55.0,加藤,栗東梅田,,,芝,1800,３歳未勝利,260628,1小1,2,16.0
2026.6.28,小2,5,モンロワイヤル,,牡,57.0,西村淳,栗東牧浦,,,芝,1800,３歳未勝利,260628,1小1,2,16.0
2026.6.28,小2,6,グリミスティ,,牝,55.0,菱田,栗東森田,,,芝,1800,３歳未勝利,260628,1小1,2,16.0
2026.6.28,小2,7,チヨ,,牝,51.0,△田山,栗東鈴木孝,,,芝,1800,３歳未勝利,260628,1小1,2,16.0
2026.6.28,小2,8,エングルマン,,牡,55.0,幸,栗東西村,,,芝,1800,３歳未勝利,260628,1小1,2,16.0
2026.6.28,小2,9,サンダーバード,,牝,53.0,◇今村,栗東武幸,,,芝,1800,３歳未勝利,260628,1小1,2,16.0
2026.6.28,小2,10,メイショウユウゲン,,牡,54.0,▲森田,栗東安達,,,芝,1800,３歳未勝利,260628,1小1,2,16.0
2026.6.28,小2,11,ワンダーエイド,,牡,57.0,秋山稔,栗東吉村,,,芝,1800,３歳未勝利,260628,1小1,2,16.0
2026.6.28,小2,12,アリュウ,,牝,55.0,角田和,栗東井上,,,芝,1800,３歳未勝利,260628,1小1,2,16.0
2026.6.28,小2,13,オーマイラッキーン,,牝,53.0,◇永島,栗東高橋康,,,芝,1800,３歳未勝利,260628,1小1,2,16.0
2026.6.28,小2,14,ダノンプレリュード,,牝,55.0,富田,栗東矢作,,,芝,1800,３歳未勝利,260628,1小1,2,16.0
2026.6.28,小2,15,パラフローラ,,牝,55.0,松若,栗東今野,,,芝,1800,３歳未勝利,260628,1小1,2,16.0
2026.6.28,小2,16,シャロン,,牝,55.0,泉谷,栗東杉山晴,,,芝,1800,３歳未勝利,260628,1小1,2,16.0
2026.6.28,小3,1,ショウナンライラ,,牡,57.0,富田,栗東松下,,,芝,1200,３歳未勝利,260628,1小1,3,18.0
2026.6.28,小3,2,マテンロウノア,,牡,57.0,太宰,栗東坂口,,,芝,1200,３歳未勝利,260628,1小1,3,18.0
2026.6.28,小3,3,イクヒロ,,牡,55.0,△柴田裕,栗東小椋,,,芝,1200,３歳未勝利,260628,1小1,3,18.0
2026.6.28,小3,4,チュウワメロディー,,牡,57.0,松若,栗東小崎,,,芝,1200,３歳未勝利,260628,1小1,3,18.0
2026.6.28,小3,5,タイガーロード,,牡,57.0,酒井,栗東大橋,,,芝,1200,３歳未勝利,260628,1小1,3,18.0
2026.6.28,小3,6,ドラムメジャー,,牝,53.0,△田山,栗東東田,,,芝,1200,３歳未勝利,260628,1小1,3,18.0
2026.6.28,小3,7,ヴェネラブル,,牝,55.0,藤懸,栗東吉村,,,芝,1200,３歳未勝利,260628,1小1,3,18.0
2026.6.28,小3,8,ルナフィオーレ,,牝,55.0,西村淳,栗東庄野,,,芝,1200,３歳未勝利,260628,1小1,3,18.0
2026.6.28,小3,9,チョウダントツ,,牝,52.0,▲川端,栗東羽月,,,芝,1200,３歳未勝利,260628,1小1,3,18.0
2026.6.28,小3,10,ヤマトチャージ,,牡,57.0,角田和,栗東安達,,,芝,1200,３歳未勝利,260628,1小1,3,18.0
2026.6.28,小3,11,スイートポメロ,,牝,55.0,菱田,栗東森田,,,芝,1200,３歳未勝利,260628,1小1,3,18.0
2026.6.28,小3,12,アドバンスモダン,,セ,55.0,◇永島,栗東森秀,,,芝,1200,３歳未勝利,260628,1小1,3,18.0
2026.6.28,小3,13,モズヴイ,,牡,57.0,川田,栗東藤岡健,,,芝,1200,３歳未勝利,260628,1小1,3,18.0
2026.6.28,小3,14,ジャスティンカレラ,,牡,57.0,西塚,栗東友道,,,芝,1200,３歳未勝利,260628,1小1,3,18.0
2026.6.28,小3,15,メテオロイド,,牡,57.0,幸,栗東宮地,,,芝,1200,３歳未勝利,260628,1小1,3,18.0
2026.6.28,小3,16,モズナツノジン,,牡,57.0,国分優,栗東畑端,,,芝,1200,３歳未勝利,260628,1小1,3,18.0
2026.6.28,小3,17,ワイドカクゲン,,牡,57.0,吉村,栗東杉山佳,,,芝,1200,３歳未勝利,260628,1小1,3,18.0
2026.6.28,小3,18,レジーナテンペスタ,,牝,52.0,▲森田,栗東前川,,,芝,1200,３歳未勝利,260628,1小1,3,18.0
2026.6.28,小4,1,ブラックアイロン,,牡,54.0,▲川端,栗東浜田,,,ダ,1700,３歳未勝利,260628,1小1,4,16.0
2026.6.28,小4,2,レッドピアレス,,牡,57.0,西村淳,栗東中内田,,,ダ,1700,３歳未勝利,260628,1小1,4,16.0
2026.6.28,小4,3,キミガスキダ,,牝,55.0,藤懸,栗東牧田,,,ダ,1700,３歳未勝利,260628,1小1,4,16.0
2026.6.28,小4,4,ジュピターバローズ,,牡,57.0,西塚,栗東友道,,,ダ,1700,３歳未勝利,260628,1小1,4,16.0
2026.6.28,小4,5,トモジャカトゥーラ,,牝,55.0,国分優,栗東大根田,,,ダ,1700,３歳未勝利,260628,1小1,4,16.0
2026.6.28,小4,6,グリーンゴー,,牡,57.0,川田,栗東福永,,,ダ,1700,３歳未勝利,260628,1小1,4,16.0
2026.6.28,小4,7,ゴールデンボブ,,牡,57.0,角田和,栗東四位,,,ダ,1700,３歳未勝利,260628,1小1,4,16.0
2026.6.28,小4,8,グーフィー,,牡,57.0,長岡,栗東茶木,,,ダ,1700,３歳未勝利,260628,1小1,4,16.0
2026.6.28,小4,9,リアライズステラ,,牡,57.0,酒井,栗東須貝,,,ダ,1700,３歳未勝利,260628,1小1,4,16.0
2026.6.28,小4,10,メンデレーエフ,,牡,57.0,富田,栗東野中,,,ダ,1700,３歳未勝利,260628,1小1,4,16.0
2026.6.28,小4,11,ホッコームジカ,,牝,53.0,◇今村,栗東飯田,,,ダ,1700,３歳未勝利,260628,1小1,4,16.0
2026.6.28,小4,12,バンダムソレール,,牡,55.0,△田山,栗東小栗,,,ダ,1700,３歳未勝利,260628,1小1,4,16.0
2026.6.28,小4,13,ゴールデンドラゴン,,牡,57.0,松若,栗東宮本,,,ダ,1700,３歳未勝利,260628,1小1,4,16.0
2026.6.28,小4,14,ジューンマーチ,,牡,55.0,◇永島,栗東松下,,,ダ,1700,３歳未勝利,260628,1小1,4,16.0
2026.6.28,小4,15,ハイビッグゴールド,,牡,57.0,幸,栗東谷,,,ダ,1700,３歳未勝利,260628,1小1,4,16.0
2026.6.28,小4,16,パスリヤージュ,,牝,55.0,城戸,栗東荒川,,,ダ,1700,３歳未勝利,260628,1小1,4,16.0
2026.6.28,小5,1,ワールドエンジェル,,牝,55.0,川田,栗東橋田,,,芝,1200,２歳新馬,260628,1小1,5,10.0
2026.6.28,小5,2,メイショウペルル,,牡,55.0,角田和,栗東千田,,,芝,1200,２歳新馬,260628,1小1,5,10.0
2026.6.28,小5,3,スマートエスコート,,牝,55.0,西塚,栗東笹田,,,芝,1200,２歳新馬,260628,1小1,5,10.0
2026.6.28,小5,4,シャインロード,,牡,55.0,松若,栗東井上,,,芝,1200,２歳新馬,260628,1小1,5,10.0
2026.6.28,小5,5,ヒルノアラゴン,,牡,55.0,秋山稔,栗東北出,,,芝,1200,２歳新馬,260628,1小1,5,10.0
2026.6.28,小5,6,スマートポーション,,牝,55.0,吉村,栗東加藤公,,,芝,1200,２歳新馬,260628,1小1,5,10.0
2026.6.28,小5,7,エルダークローネ,,牡,53.0,△田山,栗東西村,,,芝,1200,２歳新馬,260628,1小1,5,10.0
2026.6.28,小5,8,クイーンズアイ,,牝,55.0,太宰,栗東昆,,,芝,1200,２歳新馬,260628,1小1,5,10.0
2026.6.28,小5,9,キムケンシーサー,,牡,53.0,◇今村,栗東前川,,,芝,1200,２歳新馬,260628,1小1,5,10.0
2026.6.28,小5,10,インディジャズ,,牝,55.0,西村淳,栗東高野,,,芝,1200,２歳新馬,260628,1小1,5,10.0
2026.6.28,小6,1,トシミチ,,牡,55.0,幸,栗東谷,,,芝,1200,２歳新馬,260628,1小1,6,11.0
2026.6.28,小6,2,グレートキリシマ,,牡,55.0,松若,栗東牧田,,,芝,1200,２歳新馬,260628,1小1,6,11.0
2026.6.28,小6,3,スイトーヨ,,牝,55.0,川田,栗東角田,,,芝,1200,２歳新馬,260628,1小1,6,11.0
2026.6.28,小6,4,ユイノジカンカセギ,,牡,55.0,長岡,美浦竹内,,,芝,1200,２歳新馬,260628,1小1,6,11.0
2026.6.28,小6,5,ラブマイティー,,牝,55.0,杉原,美浦加藤和,,,芝,1200,２歳新馬,260628,1小1,6,11.0
2026.6.28,小6,6,カシノヴィタ,,牝,52.0,▲森田,美浦和田雄,,,芝,1200,２歳新馬,260628,1小1,6,11.0
2026.6.28,小6,7,カゴシマ,,セ,55.0,酒井,美浦松山,,,芝,1200,２歳新馬,260628,1小1,6,11.0
2026.6.28,小6,8,ユイパルティ,,牝,53.0,◇永島,栗東平田,,,芝,1200,２歳新馬,260628,1小1,6,11.0
2026.6.28,小6,9,プッシュザリミット,,牡,55.0,吉村,栗東柴田,,,芝,1200,２歳新馬,260628,1小1,6,11.0
2026.6.28,小6,10,ニシノマティーニ,,牡,53.0,◇今村,美浦小手川,,,芝,1200,２歳新馬,260628,1小1,6,11.0
2026.6.28,小6,11,カシノカゲマル,,セ,55.0,秋山稔,美浦蛯名利,,,芝,1200,２歳新馬,260628,1小1,6,11.0
2026.6.28,小7,1,ナンヨークリスタル,,セ,58.0,泉谷,栗東松永幹,,,ダ,1000,３歳以上１勝クラス,260628,1小1,7,10.0
2026.6.28,小7,2,ゴールデンバランス,,牡,55.0,松若,栗東杉山晴,,,ダ,1000,３歳以上１勝クラス,260628,1小1,7,10.0
2026.6.28,小7,3,ルディシャ,,牡,58.0,藤懸,栗東森田,,,ダ,1000,３歳以上１勝クラス,260628,1小1,7,10.0
2026.6.28,小7,4,アイカンアズーラ,,牝,53.0,酒井,栗東河嶋,,,ダ,1000,３歳以上１勝クラス,260628,1小1,7,10.0
2026.6.28,小7,5,パドゼフィール,,牝,51.0,△田山,栗東新谷,,,ダ,1000,３歳以上１勝クラス,260628,1小1,7,10.0
2026.6.28,小7,6,リアルアルバ,,牡,55.0,西塚,栗東大橋,,,ダ,1000,３歳以上１勝クラス,260628,1小1,7,10.0
2026.6.28,小7,7,イイデカンタロウ,,牡,58.0,菱田,栗東北出,,,ダ,1000,３歳以上１勝クラス,260628,1小1,7,10.0
2026.6.28,小7,8,ヨドノゴールド,,牡,58.0,角田和,栗東橋田,,,ダ,1000,３歳以上１勝クラス,260628,1小1,7,10.0
2026.6.28,小7,9,ミライハーモニー,,牝,54.0,◇今村,栗東飯田,,,ダ,1000,３歳以上１勝クラス,260628,1小1,7,10.0
2026.6.28,小7,10,ペルセポネ,,牝,50.0,▲森田,栗東渡辺,,,ダ,1000,３歳以上１勝クラス,260628,1小1,7,10.0
2026.6.28,小8,1,グランドオーパス,,牝,53.0,幸,栗東橋口,,,芝,1800,３歳以上１勝クラス,260628,1小1,8,9.0
2026.6.28,小8,2,カモメガトンダ,,牝,53.0,松若,栗東今野,,,芝,1800,３歳以上１勝クラス,260628,1小1,8,9.0
2026.6.28,小8,3,メイショウピリカ,,牝,54.0,◇今村,栗東本田,,,芝,1800,３歳以上１勝クラス,260628,1小1,8,9.0
2026.6.28,小8,4,エンベッカ,,牝,56.0,吉村,栗東柴田,,,芝,1800,３歳以上１勝クラス,260628,1小1,8,9.0
2026.6.28,小8,5,ヴィーナスバブル,,牝,54.0,△田山,栗東東田,,,芝,1800,３歳以上１勝クラス,260628,1小1,8,9.0
2026.6.28,小8,6,エレガンシア,,牝,56.0,富田,栗東高柳大,,,芝,1800,３歳以上１勝クラス,260628,1小1,8,9.0
2026.6.28,小8,7,レーヌマロン,,牝,56.0,角田和,栗東小栗,,,芝,1800,３歳以上１勝クラス,260628,1小1,8,9.0
2026.6.28,小8,8,コンバットペスカ,,牝,56.0,国分優,栗東角田,,,芝,1800,３歳以上１勝クラス,260628,1小1,8,9.0
2026.6.28,小8,9,サリエンテ,,牝,53.0,西村淳,栗東池添,,,芝,1800,３歳以上１勝クラス,260628,1小1,8,9.0
2026.6.28,小9,1,ビッグベルーガ,,牡,58.0,菱田,栗東牧浦,,,芝,2600,帆柱山特別(2勝クラス),260628,1小1,9,8.0
2026.6.28,小9,2,サトノスカイターフ,,牡,58.0,吉村,栗東池江,,,芝,2600,帆柱山特別(2勝クラス),260628,1小1,9,8.0
2026.6.28,小9,3,ショウナンガチ,,牡,58.0,酒井,栗東須貝,,,芝,2600,帆柱山特別(2勝クラス),260628,1小1,9,8.0
2026.6.28,小9,4,ボンドロア,,牡,58.0,角田和,栗東松永幹,,,芝,2600,帆柱山特別(2勝クラス),260628,1小1,9,8.0
2026.6.28,小9,5,サラトガチップス,,牡,58.0,田山,栗東新谷,,,芝,2600,帆柱山特別(2勝クラス),260628,1小1,9,8.0
2026.6.28,小9,6,ニュークレド,,牡,58.0,幸,栗東石坂,,,芝,2600,帆柱山特別(2勝クラス),260628,1小1,9,8.0
2026.6.28,小9,7,ナリタエスペランサ,,牡,54.0,川田,栗東福永,,,芝,2600,帆柱山特別(2勝クラス),260628,1小1,9,8.0
2026.6.28,小9,8,マテンロウシルビア,,牝,56.0,太宰,栗東四位,,,芝,2600,帆柱山特別(2勝クラス),260628,1小1,9,8.0
2026.6.28,小10,1,シンコーナホチャン,,牝,53.0,国分優,栗東畑端,,,ダ,1700,西部日刊スポーツ杯(2勝クラス),260628,1小1,10,16.0
2026.6.28,小10,2,メイショウジェンマ,,牡,54.0,今村,栗東飯田,,,ダ,1700,西部日刊スポーツ杯(2勝クラス),260628,1小1,10,16.0
2026.6.28,小10,3,レーティッシュ,,牡,57.0,川田,栗東高橋一,,,ダ,1700,西部日刊スポーツ杯(2勝クラス),260628,1小1,10,16.0
2026.6.28,小10,4,メイショウクーガー,,牡,55.0,中井,栗東中内田,,,ダ,1700,西部日刊スポーツ杯(2勝クラス),260628,1小1,10,16.0
2026.6.28,小10,5,コウジョリョウゾク,,牡,53.0,森田,栗東牧田,,,ダ,1700,西部日刊スポーツ杯(2勝クラス),260628,1小1,10,16.0
2026.6.28,小10,6,サンライズプルート,,牡,53.0,角田和,栗東東田,,,ダ,1700,西部日刊スポーツ杯(2勝クラス),260628,1小1,10,16.0
2026.6.28,小10,7,テーオーライマン,,牡,56.0,西村淳,栗東宮,,,ダ,1700,西部日刊スポーツ杯(2勝クラス),260628,1小1,10,16.0
2026.6.28,小10,8,メイショウヘール,,牡,54.0,酒井,栗東大橋,,,ダ,1700,西部日刊スポーツ杯(2勝クラス),260628,1小1,10,16.0
2026.6.28,小10,9,カルパ,,牡,56.0,田山,栗東須貝,,,ダ,1700,西部日刊スポーツ杯(2勝クラス),260628,1小1,10,16.0
2026.6.28,小10,10,マハートマーベル,,牡,56.0,吉村,栗東西村,,,ダ,1700,西部日刊スポーツ杯(2勝クラス),260628,1小1,10,16.0
2026.6.28,小10,11,アラナコア,,牡,56.0,菱田,栗東田中克,,,ダ,1700,西部日刊スポーツ杯(2勝クラス),260628,1小1,10,16.0
2026.6.28,小10,12,カウンティフェア,,牝,53.0,長岡,栗東高野,,,ダ,1700,西部日刊スポーツ杯(2勝クラス),260628,1小1,10,16.0
2026.6.28,小10,13,コスモストーム,,牡,57.0,秋山稔,栗東北出,,,ダ,1700,西部日刊スポーツ杯(2勝クラス),260628,1小1,10,16.0
2026.6.28,小10,14,グレイスオブゴッド,,牝,52.0,永島,栗東緒方,,,ダ,1700,西部日刊スポーツ杯(2勝クラス),260628,1小1,10,16.0
2026.6.28,小10,15,ズバットマサムネ,,セ,54.0,富田,栗東杉山佳,,,ダ,1700,西部日刊スポーツ杯(2勝クラス),260628,1小1,10,16.0
2026.6.28,小10,16,スマートプレシャス,,牝,52.0,松若,栗東中村,,,ダ,1700,西部日刊スポーツ杯(2勝クラス),260628,1小1,10,16.0
2026.6.28,小11,1,リチャードバローズ,,牡,54.0,菱田,栗東上村,,,芝,1200,紫川ステークス(3勝クラス),260628,1小1,11,8.0
2026.6.28,小11,2,ベイビーキッス,,牝,53.0,藤懸,美浦青木,,,芝,1200,紫川ステークス(3勝クラス),260628,1小1,11,8.0
2026.6.28,小11,3,ジュンヴァンケット,,セ,55.0,富田,栗東友道,,,芝,1200,紫川ステークス(3勝クラス),260628,1小1,11,8.0
2026.6.28,小11,4,ロードトレイル,,牡,55.0,田山,栗東藤岡健,,,芝,1200,紫川ステークス(3勝クラス),260628,1小1,11,8.0
2026.6.28,小11,5,テーオーダヴィンチ,,牡,55.0,幸,栗東岡田,,,芝,1200,紫川ステークス(3勝クラス),260628,1小1,11,8.0
2026.6.28,小11,6,アサクサグレース,,牝,54.0,杉原,栗東加藤公,,,芝,1200,紫川ステークス(3勝クラス),260628,1小1,11,8.0
2026.6.28,小11,7,ブラックケリー,,牝,53.0,西村淳,栗東長谷川,,,芝,1200,紫川ステークス(3勝クラス),260628,1小1,11,8.0
2026.6.28,小11,8,スカイハイ,,牡,57.0,川田,栗東清水久,,,芝,1200,紫川ステークス(3勝クラス),260628,1小1,11,8.0
2026.6.28,小12,1,ミランド,,牡,55.0,西村淳,栗東小林,,,ダ,1700,３歳以上１勝クラス,260628,1小1,12,16.0
2026.6.28,小12,2,バロニアル,,牡,55.0,藤懸,栗東柴田,,,ダ,1700,３歳以上１勝クラス,260628,1小1,12,16.0
2026.6.28,小12,3,アンティーム,,牡,55.0,国分恭,栗東高橋忠,,,ダ,1700,３歳以上１勝クラス,260628,1小1,12,16.0
2026.6.28,小12,4,ブルーカミング,,牡,56.0,△柴田裕,栗東牧浦,,,ダ,1700,３歳以上１勝クラス,260628,1小1,12,16.0
2026.6.28,小12,5,ミッションルース,,牡,56.0,◇永島,栗東平田,,,ダ,1700,３歳以上１勝クラス,260628,1小1,12,16.0
2026.6.28,小12,6,チャチャピンク,,牡,58.0,亀田,栗東北出,,,ダ,1700,３歳以上１勝クラス,260628,1小1,12,16.0
2026.6.28,小12,7,ニシノジェダイ,,牡,56.0,△田山,栗東宮本,,,ダ,1700,３歳以上１勝クラス,260628,1小1,12,16.0
2026.6.28,小12,8,セルジュバローズ,,牡,55.0,吉村,栗東池江,,,ダ,1700,３歳以上１勝クラス,260628,1小1,12,16.0
2026.6.28,小12,9,ポルトドール,,牡,58.0,角田和,栗東小栗,,,ダ,1700,３歳以上１勝クラス,260628,1小1,12,16.0
2026.6.28,小12,10,クイノールト,,牡,55.0,幸,栗東橋口,,,ダ,1700,３歳以上１勝クラス,260628,1小1,12,16.0
2026.6.28,小12,11,バトゥカーダ,,牡,55.0,秋山稔,栗東安達,,,ダ,1700,３歳以上１勝クラス,260628,1小1,12,16.0
2026.6.28,小12,12,ブラックレジェンド,,牡,53.0,◇今村,栗東寺島,,,ダ,1700,３歳以上１勝クラス,260628,1小1,12,16.0
2026.6.28,小12,13,モズプリヴェール,,牡,58.0,松若,栗東森田,,,ダ,1700,３歳以上１勝クラス,260628,1小1,12,16.0
2026.6.28,小12,14,ライラックデューン,,牝,56.0,長岡,栗東緒方,,,ダ,1700,３歳以上１勝クラス,260628,1小1,12,16.0
2026.6.28,小12,15,ロードシュヴァリエ,,牡,58.0,太宰,栗東森田,,,ダ,1700,３歳以上１勝クラス,260628,1小1,12,16.0
2026.6.28,小12,16,ルシャリオ,,牡,58.0,西塚,栗東森田,,,ダ,1700,３歳以上１勝クラス,260628,1小1,12,16.0
2026.6.28,函1,1,チカバリエンテ,,牝,52.0,▲小林美,栗東藤野,,,芝,1200,２歳未勝利,260628,1函1,1,8.0
2026.6.28,函1,2,パンジャケリー,,牡,55.0,岩田望,栗東橋田,,,芝,1200,２歳未勝利,260628,1函1,1,8.0
2026.6.28,函1,3,ウィルレーヴィア,,牡,55.0,横山琉,美浦尾形,,,芝,1200,２歳未勝利,260628,1函1,1,8.0
2026.6.28,函1,4,キセキノユニコーン,,牡,53.0,◇古川奈,美浦伊坂,,,芝,1200,２歳未勝利,260628,1函1,1,8.0
2026.6.28,函1,5,シークレットタワー,,牡,55.0,丹内,美浦金成,,,芝,1200,２歳未勝利,260628,1函1,1,8.0
2026.6.28,函1,6,ガーシュウィン,,牡,51.0,★河原田,美浦和田雄,,,芝,1200,２歳未勝利,260628,1函1,1,8.0
2026.6.28,函1,7,ダイシンドラゴン,,牡,55.0,佐々木,栗東高橋一,,,芝,1200,２歳未勝利,260628,1函1,1,8.0
2026.6.28,函1,8,アイルドフルール,,牝,55.0,北村友,栗東田中克,,,芝,1200,２歳未勝利,260628,1函1,1,8.0
2026.6.28,函2,1,メイショウタイザン,,牡,57.0,横山琉,栗東高橋忠,,,ダ,1700,３歳未勝利,260628,1函1,2,14.0
2026.6.28,函2,2,ロジクリスエス,,セ,57.0,黛,美浦新開,,,ダ,1700,３歳未勝利,260628,1函1,2,14.0
2026.6.28,函2,3,ライカ,,牡,57.0,大野,美浦杉浦,,,ダ,1700,３歳未勝利,260628,1函1,2,14.0
2026.6.28,函2,4,テリコス,,牡,57.0,岩田康,栗東四位,,,ダ,1700,３歳未勝利,260628,1函1,2,14.0
2026.6.28,函2,5,テンレッドサン,,牝,55.0,丹内,栗東西園翔,,,ダ,1700,３歳未勝利,260628,1函1,2,14.0
2026.6.28,函2,6,アドフランマム,,牡,54.0,▲遠藤,栗東本田,,,ダ,1700,３歳未勝利,260628,1函1,2,14.0
2026.6.28,函2,7,マルシュボヌール,,牝,54.0,☆舟山,栗東柴田,,,ダ,1700,３歳未勝利,260628,1函1,2,14.0
2026.6.28,函2,8,サンオブザサン,,牡,57.0,斎藤,栗東高橋一,,,ダ,1700,３歳未勝利,260628,1函1,2,14.0
2026.6.28,函2,9,スマートイデアル,,牝,51.0,★河原田,栗東角田,,,ダ,1700,３歳未勝利,260628,1函1,2,14.0
2026.6.28,函2,10,ヒルノボローニャ,,セ,57.0,横山和,栗東昆,,,ダ,1700,３歳未勝利,260628,1函1,2,14.0
2026.6.28,函2,11,モノノケ,,牝,52.0,▲和田陽,栗東宮地,,,ダ,1700,３歳未勝利,260628,1函1,2,14.0
2026.6.28,函2,12,ロスニーニョス,,牡,57.0,古川吉,栗東大根田,,,ダ,1700,３歳未勝利,260628,1函1,2,14.0
2026.6.28,函2,13,ルナノーヴァ,,牡,57.0,小沢,栗東緒方,,,ダ,1700,３歳未勝利,260628,1函1,2,14.0
2026.6.28,函2,14,ヤマメイッカ,,牡,57.0,佐々木,美浦久保田,,,ダ,1700,３歳未勝利,260628,1函1,2,14.0
2026.6.28,函3,1,エコロセレナ,,牝,55.0,斎藤,美浦斎藤誠,,,ダ,1000,３歳未勝利,260628,1函1,3,12.0
2026.6.28,函3,2,アジーザム,,牝,55.0,岩田康,美浦松尾,,,ダ,1000,３歳未勝利,260628,1函1,3,12.0
2026.6.28,函3,3,ビップアリス,,牝,55.0,原,栗東松下,,,ダ,1000,３歳未勝利,260628,1函1,3,12.0
2026.6.28,函3,4,ブザービーター,,牡,56.0,☆長浜,美浦黒岩,,,ダ,1000,３歳未勝利,260628,1函1,3,12.0
2026.6.28,函3,5,ホワイトラバーズ,,牝,55.0,古川吉,栗東大根田,,,ダ,1000,３歳未勝利,260628,1函1,3,12.0
2026.6.28,函3,6,ハナイロマヒナ,,牝,55.0,北村友,栗東高橋亮,,,ダ,1000,３歳未勝利,260628,1函1,3,12.0
2026.6.28,函3,7,イングラム,,牡,56.0,☆舟山,栗東千田,,,ダ,1000,３歳未勝利,260628,1函1,3,12.0
2026.6.28,函3,8,ビタミンドロップ,,牡,57.0,丹内,美浦松山,,,ダ,1000,３歳未勝利,260628,1函1,3,12.0
2026.6.28,函3,9,ジャーナーリア,,牡,54.0,遠藤,栗東本田,,,ダ,1000,３歳未勝利,260628,1函1,3,12.0
2026.6.28,函3,10,ウィズアツインクル,,牡,57.0,佐々木,美浦牧,,,ダ,1000,３歳未勝利,260628,1函1,3,12.0
2026.6.28,函3,11,コシタンタン,,牝,53.0,△鷲頭,美浦竹内,,,ダ,1000,３歳未勝利,260628,1函1,3,12.0
2026.6.28,函3,12,ヴェンデボヌール,,牡,54.0,▲小林美,美浦久保田,,,ダ,1000,３歳未勝利,260628,1函1,3,12.0
2026.6.28,函4,1,ミカレオス,,牡,57.0,荻野琢,栗東河嶋,,,芝,2600,３歳未勝利,260628,1函1,4,16.0
2026.6.28,函4,2,ブリックアブラック,,牡,57.0,横山琉,美浦高木,,,芝,2600,３歳未勝利,260628,1函1,4,16.0
2026.6.28,函4,3,フォーチュンローズ,,牝,55.0,佐々木,美浦上原佑,,,芝,2600,３歳未勝利,260628,1函1,4,16.0
2026.6.28,函4,4,ウインブリザード,,牡,57.0,岩田康,美浦深山,,,芝,2600,３歳未勝利,260628,1函1,4,16.0
2026.6.28,函4,5,ブッチギレ,,牡,54.0,▲遠藤,美浦栗田,,,芝,2600,３歳未勝利,260628,1函1,4,16.0
2026.6.28,函4,6,アルタティール,,牡,56.0,☆長浜,美浦手塚久,,,芝,2600,３歳未勝利,260628,1函1,4,16.0
2026.6.28,函4,7,カノープス,,牝,55.0,原,美浦辻,,,芝,2600,３歳未勝利,260628,1函1,4,16.0
2026.6.28,函4,8,ソルトハッピー,,牡,57.0,吉田隼,栗東荒川,,,芝,2600,３歳未勝利,260628,1函1,4,16.0
2026.6.28,函4,9,ウインアトム,,牡,54.0,▲和田陽,栗東寺島,,,芝,2600,３歳未勝利,260628,1函1,4,16.0
2026.6.28,函4,10,ホウオウファミリー,,牡,56.0,☆舟山,美浦田中博,,,芝,2600,３歳未勝利,260628,1函1,4,16.0
2026.6.28,函4,11,ヴィラジョヴィス,,牝,52.0,▲小林美,栗東小栗,,,芝,2600,３歳未勝利,260628,1函1,4,16.0
2026.6.28,函4,12,タビニュ,,牡,57.0,池添,美浦松尾,,,芝,2600,３歳未勝利,260628,1函1,4,16.0
2026.6.28,函4,13,ジングアップ,,牡,57.0,岩田望,美浦大竹,,,芝,2600,３歳未勝利,260628,1函1,4,16.0
2026.6.28,函4,14,ノリマル,,牡,57.0,丹内,美浦尾形,,,芝,2600,３歳未勝利,260628,1函1,4,16.0
2026.6.28,函4,15,ティラユール,,牡,54.0,▲大久保,栗東北出,,,芝,2600,３歳未勝利,260628,1函1,4,16.0
2026.6.28,函4,16,ダイナソーコー,,牡,57.0,武豊,栗東藤岡健,,,芝,2600,３歳未勝利,260628,1函1,4,16.0
2026.6.28,函5,1,ショパンコンクール,,牡,55.0,丹内,美浦岩戸,,,芝,1200,２歳新馬,260628,1函1,5,6.0
2026.6.28,函5,2,シグレ,,牝,55.0,武豊,栗東武英,,,芝,1200,２歳新馬,260628,1函1,5,6.0
2026.6.28,函5,3,ウメヒナタ,,牝,55.0,佐々木,栗東橋田,,,芝,1200,２歳新馬,260628,1函1,5,6.0
2026.6.28,函5,4,ソウカイファミリア,,牡,55.0,横山和,美浦鈴木慎,,,芝,1200,２歳新馬,260628,1函1,5,6.0
2026.6.28,函5,5,アズライトティアラ,,牝,55.0,小沢,栗東浜田,,,芝,1200,２歳新馬,260628,1函1,5,6.0
2026.6.28,函5,6,ルミナスジェム,,牝,52.0,▲小林美,栗東中村,,,芝,1200,２歳新馬,260628,1函1,5,6.0
2026.6.28,函6,1,アルペングロー,,牡,57.0,北村友,栗東上村,,,芝,2000,３歳未勝利,260628,1函1,6,16.0
2026.6.28,函6,2,エクラドット,,牡,56.0,☆舟山,美浦西田,,,芝,2000,３歳未勝利,260628,1函1,6,16.0
2026.6.28,函6,3,セイントクーヤ,,牡,56.0,☆長浜,美浦黒岩,,,芝,2000,３歳未勝利,260628,1函1,6,16.0
2026.6.28,函6,4,ショウナンアワード,,牡,57.0,斎藤,栗東東田,,,芝,2000,３歳未勝利,260628,1函1,6,16.0
2026.6.28,函6,5,ビップジョワ,,牝,52.0,▲小林美,美浦高柳瑞,,,芝,2000,３歳未勝利,260628,1函1,6,16.0
2026.6.28,函6,6,ロッサコメータ,,牝,55.0,岩田望,栗東吉岡,,,芝,2000,３歳未勝利,260628,1函1,6,16.0
2026.6.28,函6,7,フローレンスフーガ,,牡,57.0,古川吉,栗東四位,,,芝,2000,３歳未勝利,260628,1函1,6,16.0
2026.6.28,函6,8,コティノス,,牡,57.0,浜中,栗東須貝,,,芝,2000,３歳未勝利,260628,1函1,6,16.0
2026.6.28,函6,9,テンレディーゴー,,牡,57.0,吉田隼,美浦菊川,,,芝,2000,３歳未勝利,260628,1函1,6,16.0
2026.6.28,函6,10,ベネディクション,,牝,53.0,◇古川奈,栗東矢作,,,芝,2000,３歳未勝利,260628,1函1,6,16.0
2026.6.28,函6,11,シーガルワールド,,牝,55.0,横山和,美浦栗田,,,芝,2000,３歳未勝利,260628,1函1,6,16.0
2026.6.28,函6,12,アート,,牡,54.0,▲和田陽,栗東杉山晴,,,芝,2000,３歳未勝利,260628,1函1,6,16.0
2026.6.28,函6,13,マジックファイヤー,,牡,57.0,丹内,美浦浅利,,,芝,2000,３歳未勝利,260628,1函1,6,16.0
2026.6.28,函6,14,マテンロウオリジン,,牡,57.0,池添,栗東坂口,,,芝,2000,３歳未勝利,260628,1函1,6,16.0
2026.6.28,函6,15,ハルノアメ,,牡,53.0,★河原田,美浦上原博,,,芝,2000,３歳未勝利,260628,1函1,6,16.0
2026.6.28,函6,16,ブランニューホーム,,牡,57.0,黛,美浦深山,,,芝,2000,３歳未勝利,260628,1函1,6,16.0
2026.6.28,函7,1,ウィンターガーデン,,牝,55.0,☆舟山,栗東井上,,,ダ,1700,３歳以上１勝クラス,260628,1函1,7,10.0
2026.6.28,函7,2,ビーチイン,,牝,53.0,横山和,美浦和田勇,,,ダ,1700,３歳以上１勝クラス,260628,1函1,7,10.0
2026.6.28,函7,3,キタノサリスカ,,牝,50.0,▲和田陽,栗東羽月,,,ダ,1700,３歳以上１勝クラス,260628,1函1,7,10.0
2026.6.28,函7,4,キャットテイル,,牝,52.0,★河原田,栗東野中,,,ダ,1700,３歳以上１勝クラス,260628,1函1,7,10.0
2026.6.28,函7,5,アリストクラシア,,牝,56.0,岩田望,栗東吉岡,,,ダ,1700,３歳以上１勝クラス,260628,1函1,7,10.0
2026.6.28,函7,6,ガーネットフレア,,牝,53.0,鮫島駿,栗東杉山佳,,,ダ,1700,３歳以上１勝クラス,260628,1函1,7,10.0
2026.6.28,函7,7,ヒミノエトワール,,牝,56.0,武豊,栗東宮地,,,ダ,1700,３歳以上１勝クラス,260628,1函1,7,10.0
2026.6.28,函7,8,サウンドルーチェ,,牝,53.0,▲小林美,栗東渡辺,,,ダ,1700,３歳以上１勝クラス,260628,1函1,7,10.0
2026.6.28,函7,9,ゴールドヴィーナス,,牝,53.0,松本,栗東森秀,,,ダ,1700,３歳以上１勝クラス,260628,1函1,7,10.0
2026.6.28,函7,10,シャンデヴィーニュ,,牝,53.0,北村友,栗東柴田,,,ダ,1700,３歳以上１勝クラス,260628,1函1,7,10.0
2026.6.28,函8,1,アートフォーム,,牝,53.0,▲和田陽,栗東畑端,,,芝,1200,３歳以上１勝クラス,260628,1函1,8,13.0
2026.6.28,函8,2,ストレイトアスク,,牝,53.0,▲小林美,栗東藤原,,,芝,1200,３歳以上１勝クラス,260628,1函1,8,13.0
2026.6.28,函8,3,メーゼ,,牝,51.0,△鷲頭,美浦菊沢,,,芝,1200,３歳以上１勝クラス,260628,1函1,8,13.0
2026.6.28,函8,4,クレセントウイング,,セ,57.0,☆舟山,美浦高橋文,,,芝,1200,３歳以上１勝クラス,260628,1函1,8,13.0
2026.6.28,函8,5,マグネシアブリック,,セ,58.0,坂井,美浦中舘,,,芝,1200,３歳以上１勝クラス,260628,1函1,8,13.0
2026.6.28,函8,6,ディーズメンフィス,,牝,50.0,★河原田,美浦村田,,,芝,1200,３歳以上１勝クラス,260628,1函1,8,13.0
2026.6.28,函8,7,グリフォン,,牝,56.0,斎藤,栗東小椋,,,芝,1200,３歳以上１勝クラス,260628,1函1,8,13.0
2026.6.28,函8,8,マイケルバローズ,,牡,55.0,岩田望,栗東上村,,,芝,1200,３歳以上１勝クラス,260628,1函1,8,13.0
2026.6.28,函8,9,レオアジャイル,,牝,53.0,大野,美浦杉浦,,,芝,1200,３歳以上１勝クラス,260628,1函1,8,13.0
2026.6.28,函8,10,ソードマスター,,牡,57.0,☆長浜,美浦小笠,,,芝,1200,３歳以上１勝クラス,260628,1函1,8,13.0
2026.6.28,函8,11,ナクソス,,牡,55.0,松本,栗東井上,,,芝,1200,３歳以上１勝クラス,260628,1函1,8,13.0
2026.6.28,函8,12,ニルマーネル,,牝,53.0,横山和,美浦小島,,,芝,1200,３歳以上１勝クラス,260628,1函1,8,13.0
2026.6.28,函8,13,コスモレッド,,牝,53.0,池添,栗東北出,,,芝,1200,３歳以上１勝クラス,260628,1函1,8,13.0
2026.6.28,函9,1,カムアップローゼス,,牡,55.0,岩田望,栗東浜田,,,芝,1800,臥牛山特別(1勝クラス),260628,1函1,9,10.0
2026.6.28,函9,2,ナムラヒナギク,,牝,53.0,小沢,栗東大橋,,,芝,1800,臥牛山特別(1勝クラス),260628,1函1,9,10.0
2026.6.28,函9,3,ゴーゴータカシ,,セ,58.0,吉田隼,美浦武井,,,芝,1800,臥牛山特別(1勝クラス),260628,1函1,9,10.0
2026.6.28,函9,4,ドッグウッド,,牡,55.0,斎藤,美浦斎藤誠,,,芝,1800,臥牛山特別(1勝クラス),260628,1函1,9,10.0
2026.6.28,函9,5,ネッタイヤライ,,牡,55.0,坂井,栗東矢作,,,芝,1800,臥牛山特別(1勝クラス),260628,1函1,9,10.0
2026.6.28,函9,6,ゼアズノープレイス,,牡,58.0,的場,美浦的場,,,芝,1800,臥牛山特別(1勝クラス),260628,1函1,9,10.0
2026.6.28,函9,7,ハルフロンティア,,牡,58.0,舟山,栗東池添,,,芝,1800,臥牛山特別(1勝クラス),260628,1函1,9,10.0
2026.6.28,函9,8,ハミルトン,,牡,58.0,鮫島駿,栗東高野,,,芝,1800,臥牛山特別(1勝クラス),260628,1函1,9,10.0
2026.6.28,函9,9,マイネルイグザルト,,牡,58.0,原,美浦佐藤吉,,,芝,1800,臥牛山特別(1勝クラス),260628,1函1,9,10.0
2026.6.28,函9,10,ピティロディア,,牡,58.0,丹内,美浦室井,,,芝,1800,臥牛山特別(1勝クラス),260628,1函1,9,10.0
2026.6.28,函10,1,プリンセッサ,,牝,56.0,岩田望,栗東牧田,,,ダ,1700,渡島特別(2勝クラス),260628,1函1,10,11.0
2026.6.28,函10,2,コパノエビータ,,牝,56.0,長浜,美浦手塚久,,,ダ,1700,渡島特別(2勝クラス),260628,1函1,10,11.0
2026.6.28,函10,3,ネクストダンサー,,牝,56.0,黛,美浦伊藤圭,,,ダ,1700,渡島特別(2勝クラス),260628,1函1,10,11.0
2026.6.28,函10,4,コンティオ,,牝,56.0,横山和,美浦和田勇,,,ダ,1700,渡島特別(2勝クラス),260628,1函1,10,11.0
2026.6.28,函10,5,ブラックルビー,,牝,56.0,北村友,美浦平岩,,,ダ,1700,渡島特別(2勝クラス),260628,1函1,10,11.0
2026.6.28,函10,6,ユージュアーナ,,牝,56.0,武豊,栗東奥村豊,,,ダ,1700,渡島特別(2勝クラス),260628,1函1,10,11.0
2026.6.28,函10,7,ルージュマローネ,,牝,56.0,佐々木,美浦栗田,,,ダ,1700,渡島特別(2勝クラス),260628,1函1,10,11.0
2026.6.28,函10,8,ニシノラヴァンダ,,牝,56.0,横山琉,美浦奥平,,,ダ,1700,渡島特別(2勝クラス),260628,1函1,10,11.0
2026.6.28,函10,9,タマモカンパネラ,,牝,56.0,原,美浦伊藤圭,,,ダ,1700,渡島特別(2勝クラス),260628,1函1,10,11.0
2026.6.28,函10,10,ウインシャーガス,,牝,56.0,鮫島駿,栗東杉山晴,,,ダ,1700,渡島特別(2勝クラス),260628,1函1,10,11.0
2026.6.28,函10,11,ドーンコーラス,,牝,56.0,丹内,美浦大竹,,,ダ,1700,渡島特別(2勝クラス),260628,1函1,10,11.0
2026.6.28,函11,1,バルナバ,,牡,55.0,斎藤,栗東浜田,,,芝,2000,函館記念(G3),260628,1函1,11,15.0
2026.6.28,函11,2,ファウストラーゼン,,牡,56.0,小林美,栗東須貝,,,芝,2000,函館記念(G3),260628,1函1,11,15.0
2026.6.28,函11,3,ピースワンデュック,,牡,55.0,佐々木,美浦大竹,,,芝,2000,函館記念(G3),260628,1函1,11,15.0
2026.6.28,函11,4,マジックサンズ,,牡,58.0,横山和,栗東須貝,,,芝,2000,函館記念(G3),260628,1函1,11,15.0
2026.6.28,函11,5,イガッチ,,牡,55.0,浜中,栗東笹田,,,芝,2000,函館記念(G3),260628,1函1,11,15.0
2026.6.28,函11,6,サンストックトン,,牡,54.0,松本,美浦堀内,,,芝,2000,函館記念(G3),260628,1函1,11,15.0
2026.6.28,函11,7,チャックネイト,,セ,58.0,鮫島駿,美浦堀,,,芝,2000,函館記念(G3),260628,1函1,11,15.0
2026.6.28,函11,8,ケイアイセナ,,牡,57.5,武豊,栗東平田,,,芝,2000,函館記念(G3),260628,1函1,11,15.0
2026.6.28,函11,9,オニャンコポン,,セ,54.0,横山琉,美浦小島,,,芝,2000,函館記念(G3),260628,1函1,11,15.0
2026.6.28,函11,10,ケリフレッドアスク,,牝,55.0,北村友,栗東藤原,,,芝,2000,函館記念(G3),260628,1函1,11,15.0
2026.6.28,函11,11,ジュタ,,牡,56.0,坂井,栗東矢作,,,芝,2000,函館記念(G3),260628,1函1,11,15.0
2026.6.28,函11,12,エコロディノス,,牡,57.0,池添,栗東大久保,,,芝,2000,函館記念(G3),260628,1函1,11,15.0
2026.6.28,函11,13,アラタ,,牡,58.0,大野,美浦和田勇,,,芝,2000,函館記念(G3),260628,1函1,11,15.0
2026.6.28,函11,14,フィーリウス,,牡,56.0,丹内,美浦手塚久,,,芝,2000,函館記念(G3),260628,1函1,11,15.0
2026.6.28,函11,15,デビットバローズ,,セ,58.0,岩田望,栗東上村,,,芝,2000,函館記念(G3),260628,1函1,11,15.0
2026.6.28,函12,1,ガットネロ,,牝,56.0,小沢,栗東東田,,,芝,1200,湯の川温泉特別(2勝クラス),260628,1函1,12,14.0
2026.6.28,函12,2,エルサトアナ,,牝,56.0,池添,栗東本田,,,芝,1200,湯の川温泉特別(2勝クラス),260628,1函1,12,14.0
2026.6.28,函12,3,サンドロナイト,,牝,56.0,北村友,栗東茶木,,,芝,1200,湯の川温泉特別(2勝クラス),260628,1函1,12,14.0
2026.6.28,函12,4,ウチュウノセカイ,,牡,55.0,原,美浦青木,,,芝,1200,湯の川温泉特別(2勝クラス),260628,1函1,12,14.0
2026.6.28,函12,5,キープサインオン,,牡,58.0,岩田望,美浦加藤征,,,芝,1200,湯の川温泉特別(2勝クラス),260628,1函1,12,14.0
2026.6.28,函12,6,ヴィヴァクラウン,,牡,58.0,大野,美浦杉浦,,,芝,1200,湯の川温泉特別(2勝クラス),260628,1函1,12,14.0
2026.6.28,函12,7,ビーコング,,牡,58.0,松本,美浦小手川,,,芝,1200,湯の川温泉特別(2勝クラス),260628,1函1,12,14.0
2026.6.28,函12,8,フェアリーライズ,,牝,53.0,黛,栗東秋山,,,芝,1200,湯の川温泉特別(2勝クラス),260628,1函1,12,14.0
2026.6.28,函12,9,エクストラバック,,牡,58.0,鮫島駿,栗東前川,,,芝,1200,湯の川温泉特別(2勝クラス),260628,1函1,12,14.0
2026.6.28,函12,10,シーグルロス,,牝,53.0,小林美,美浦尾形,,,芝,1200,湯の川温泉特別(2勝クラス),260628,1函1,12,14.0
2026.6.28,函12,11,ライツユーアップ,,牝,56.0,丹内,栗東角田,,,芝,1200,湯の川温泉特別(2勝クラス),260628,1函1,12,14.0
2026.6.28,函12,12,クリエープキー,,牝,53.0,古川吉,美浦牧,,,芝,1200,湯の川温泉特別(2勝クラス),260628,1函1,12,14.0
2026.6.28,函12,13,ゴキゲンサン,,牝,56.0,岩田康,美浦伊藤大,,,芝,1200,湯の川温泉特別(2勝クラス),260628,1函1,12,14.0
2026.6.28,函12,14,ホワイトドラゴン,,牡,55.0,横山和,美浦伊藤大,,,芝,1200,湯の川温泉特別(2勝クラス),260628,1函1,12,14.0
